#
# There is insufficient memory for the Java Runtime Environment to continue.
# Native memory allocation (malloc) failed to allocate 1918416 bytes. Error detail: Chunk::new
# Possible reasons:
#   The system is out of physical RAM or swap space
#   This process is running with CompressedOops enabled, and the Java Heap may be blocking the growth of the native heap
# Possible solutions:
#   Reduce memory load on the system
#   Increase physical memory or swap space
#   Check if swap backing store is full
#   Decrease Java heap size (-Xmx/-Xms)
#   Decrease number of Java threads
#   Decrease Java thread stack sizes (-Xss)
#   Set larger code cache with -XX:ReservedCodeCacheSize=
#   JVM is running with Unscaled Compressed Oops mode in which the Java heap is
#     placed in the first 4GB address space. The Java Heap base address is the
#     maximum limit for the native heap growth. Please use -XX:HeapBaseMinAddress
#     to set the Java Heap base and to place the Java Heap above 4GB virtual address.
# This output file may be truncated or incomplete.
#
#  Out of Memory Error (arena.cpp:149), pid=21256, tid=33704
#
# JRE version: Java(TM) SE Runtime Environment (23.0.2+7) (build 23.0.2+7-58)
# Java VM: Java HotSpot(TM) 64-Bit Server VM (23.0.2+7-58, mixed mode, sharing, tiered, compressed oops, compressed class ptrs, g1 gc, windows-amd64)
# No core dump will be written. Minidumps are not enabled by default on client versions of Windows
#

---------------  S U M M A R Y ------------

Command Line: --add-opens=java.base/java.util=ALL-UNNAMED --add-opens=java.base/java.lang=ALL-UNNAMED --add-opens=java.base/java.lang.invoke=ALL-UNNAMED --add-opens=java.prefs/java.util.prefs=ALL-UNNAMED --add-exports=jdk.compiler/com.sun.tools.javac.api=ALL-UNNAMED --add-exports=jdk.compiler/com.sun.tools.javac.util=ALL-UNNAMED --add-opens=java.base/java.nio.charset=ALL-UNNAMED --add-opens=java.base/java.net=ALL-UNNAMED --add-opens=java.base/java.util.concurrent.atomic=ALL-UNNAMED -Xmx2048m -Dfile.encoding=UTF-8 -Duser.country=RU -Duser.language=ru -Duser.variant -javaagent:C:\Users\user\.gradle\wrapper\dists\gradle-8.10.2-bin\a04bxjujx95o3nb99gddekhwo\gradle-8.10.2\lib\agents\gradle-instrumentation-agent-8.10.2.jar org.gradle.launcher.daemon.bootstrap.GradleDaemon 8.10.2

Host: AMD Ryzen 7 7840HS w/ Radeon 780M Graphics     , 16 cores, 15G,  Windows 11 , 64 bit Build 26100 (10.0.26100.3037)
Time: Sat Mar  1 22:00:31 2025  Windows 11 , 64 bit Build 26100 (10.0.26100.3037) elapsed time: 241.406932 seconds (0d 0h 4m 1s)

---------------  T H R E A D  ---------------

Current thread (0x00000283054b38d0):  JavaThread "C2 CompilerThread1" daemon [_thread_in_native, id=33704, stack(0x000000fdbb700000,0x000000fdbb800000) (1024K)]


Current CompileTask:
C2:241407 76729       4       org.objectweb.asm.ClassReader::accept (1419 bytes)

Stack: [0x000000fdbb700000,0x000000fdbb800000]
Native frames: (J=compiled Java code, j=interpreted, Vv=VM code, C=native code)
V  [jvm.dll+0x6e0b99]  (no source info available)
V  [jvm.dll+0x87e2b3]  (no source info available)
V  [jvm.dll+0x88073e]  (no source info available)
V  [jvm.dll+0x880e13]  (no source info available)
V  [jvm.dll+0x27b006]  (no source info available)
V  [jvm.dll+0xbc06f]  (no source info available)
V  [jvm.dll+0xbc2cb]  (no source info available)
V  [jvm.dll+0x3b3c5c]  (no source info available)
V  [jvm.dll+0x1dc2ac]  (no source info available)
V  [jvm.dll+0x244ce5]  (no source info available)
V  [jvm.dll+0x243eff]  (no source info available)
V  [jvm.dll+0x1c34b0]  (no source info available)
V  [jvm.dll+0x253df1]  (no source info available)
V  [jvm.dll+0x2520aa]  (no source info available)
V  [jvm.dll+0x3ee226]  (no source info available)
V  [jvm.dll+0x8254cb]  (no source info available)
V  [jvm.dll+0x6df345]  (no source info available)
C  [ucrtbase.dll+0x37b0]  (no source info available)
C  [KERNEL32.DLL+0x2e8d7]  (no source info available)
C  [ntdll.dll+0xbbf2c]  (no source info available)

Lock stack of current Java thread (top to bottom):


---------------  P R O C E S S  ---------------

Threads class SMR info:
_java_thread_list=0x000002830f0b9520, length=293, elements={
0x00000282efb49ec0, 0x000002828fa9ac00, 0x000002828fa9b860, 0x000002828fb23fb0,
0x000002828fb24a10, 0x000002828fb25470, 0x000002828fb25ed0, 0x000002828fb2ec70,
0x000002828fb35740, 0x000002828fcdcf20, 0x000002828fe385e0, 0x00000282d6b8e180,
0x00000282d69dcbf0, 0x00000282d6c26ef0, 0x00000282d6ae65d0, 0x00000282d6d32a10,
0x00000282d6d330a0, 0x00000282d6d31cf0, 0x00000282d6d32380, 0x00000282d95f0c80,
0x00000282d95f05f0, 0x00000282d95eff60, 0x00000282dca51090, 0x00000282eb7daa40,
0x00000282d73e0970, 0x00000282d73e1000, 0x00000282d73e5830, 0x00000282d73e23b0,
0x00000282ec959c10, 0x00000282ec958ef0, 0x00000282ec95a2a0, 0x00000282ec95afc0,
0x00000282ec958860, 0x00000282ec95f7f0, 0x00000282ec95ead0, 0x00000282ec95c370,
0x00000282ec95f160, 0x00000282ec95d090, 0x00000282ec95fe80, 0x00000282ec95ca00,
0x00000282ec960ba0, 0x00000282ec95d720, 0x00000282ec962c70, 0x00000282ec963300,
0x00000282ec961230, 0x00000282ec963990, 0x00000282ec9646b0, 0x00000282ec9625e0,
0x00000282ec964020, 0x00000282ec9618c0, 0x00000282ec9653d0, 0x00000282ec961f50,
0x00000282ec965a60, 0x00000282ec9660f0, 0x00000282ec966780, 0x00000282ec967b30,
0x00000282ec966e10, 0x00000282ec9674a0, 0x00000282dc14ae90, 0x00000282dc14a170,
0x00000282dc149450, 0x00000282dc1480a0, 0x00000282dc149ae0, 0x00000282dc147a10,
0x00000282dc14b520, 0x00000282eb7d68a0, 0x00000282eb7dbdf0, 0x00000282eb7db0d0,
0x00000282eb7debe0, 0x00000282dca558c0, 0x00000282dca52ad0, 0x00000282dca57990,
0x00000282dca56c70, 0x00000282dca58020, 0x00000282d6d33730, 0x00000282d6d33dc0,
0x00000282d6d34450, 0x00000282d6d30fd0, 0x00000282d6d31660, 0x00000282dc14cf60,
0x00000282dc14e9a0, 0x00000282dc14bbb0, 0x00000282db8b3e70, 0x00000282ea434910,
0x00000282dd1a46f0, 0x00000282dd1a4d80, 0x00000282dd1a5aa0, 0x00000282dd1a74e0,
0x00000282dd1a4060, 0x00000282dd1a8890, 0x00000282dd1a7b70, 0x00000282dd1a8200,
0x00000282dd1a5410, 0x00000282dd1a95b0, 0x00000282dd1a8f20, 0x00000282dd1a6130,
0x00000282dd1a6e50, 0x00000282dd1a9c40, 0x00000282dd1a67c0, 0x00000282dd1aa2d0,
0x00000282dd1aca30, 0x00000282dd1ac3a0, 0x00000282dd1aaff0, 0x00000282dd1adde0,
0x00000282dd1aa960, 0x00000282dd1ae470, 0x00000282dd1ab680, 0x00000282dd1af190,
0x00000282dd1abd10, 0x00000282dd1b1260, 0x00000282dd1b2ca0, 0x00000282dd1b1f80,
0x00000282dd1b18f0, 0x00000282dd1b2610, 0x00000282dd1af820, 0x00000282dd1b0bd0,
0x00000282dd1afeb0, 0x00000282dd1b0540, 0x00000282d73e6be0, 0x00000282dca62600,
0x00000282dca5f180, 0x00000282dca6afd0, 0x00000282dca6b660, 0x00000282dca69c20,
0x00000282dca6d730, 0x00000282dca6ddc0, 0x00000282dca6e450, 0x00000282dca51db0,
0x00000282dca55230, 0x00000282dc14f030, 0x00000282eb7d82e0, 0x00000282d83fe2c0,
0x00000282edbf2e10, 0x00000282edbf6920, 0x00000282edbf6fb0, 0x00000282edbf41c0,
0x00000282edbf9710, 0x00000282edbfaac0, 0x00000282edbf89f0, 0x00000282edbf7cd0,
0x00000282edbf9080, 0x00000282edbfb150, 0x00000282edbfa430, 0x00000282edbfb7e0,
0x00000282edbf8360, 0x00000282edbfbe70, 0x00000282edbf9da0, 0x00000282edbfd8b0,
0x00000282edbfcb90, 0x00000282edbfdf40, 0x00000282edbfd220, 0x00000282edbfec60,
0x00000282edbff2f0, 0x00000282dca62c90, 0x00000282dca5f810, 0x00000282dca65a80,
0x00000282dca63320, 0x00000282dca674c0, 0x00000282dca6a2b0, 0x00000282dca681e0,
0x00000282dca68870, 0x00000282eb7d4e60, 0x00000282d95f4e20, 0x00000282dc14e310,
0x00000282db8b4b90, 0x00000282ec4c6f30, 0x00000282ec4c9d20, 0x00000282ec4c75c0,
0x00000282ec4c68a0, 0x00000282ec4c8970, 0x00000282ec4caa40, 0x00000282ec4c9000,
0x00000282ec4c9690, 0x00000282ec4cb0d0, 0x00000282ec4c82e0, 0x00000282ec4ca3b0,
0x00000282ec4c7c50, 0x00000282ec4ccb10, 0x00000282ec4cc480, 0x00000282ec4cdec0,
0x00000282ec4cb760, 0x00000282ec4cf270, 0x00000282ec4cbdf0, 0x00000282ec4d0620,
0x00000282ec4d2060, 0x00000282ec4d26f0, 0x00000282ec4d0cb0, 0x00000282ec4d19d0,
0x00000282ec4cf900, 0x00000282ec4d1340, 0x00000282ec4d3410, 0x00000282ec4d5b70,
0x00000282ec4cff90, 0x00000282ec4d3aa0, 0x00000282ec4d54e0, 0x00000282ec4d2d80,
0x00000282ec4d4130, 0x00000282ec4d47c0, 0x00000282ec4d4e50, 0x0000028304b9c960,
0x0000028304b9a890, 0x0000028304b994e0, 0x0000028304b9bc40, 0x0000028304b9a200,
0x0000028304b9cff0, 0x0000028304b9af20, 0x0000028304b99b70, 0x0000028304b9ea30,
0x0000028304b9b5b0, 0x0000028304b9f0c0, 0x0000028304b9f750, 0x0000028304ba0b00,
0x0000028304b9d680, 0x0000028304b9e3a0, 0x0000028304ba1190, 0x0000028304b9dd10,
0x0000028304ba2540, 0x0000028304ba38f0, 0x0000028304ba3f80, 0x0000028304ba4610,
0x0000028304ba4ca0, 0x0000028304ba1820, 0x0000028304ba5330, 0x0000028304ba1eb0,
0x0000028304ba59c0, 0x0000028304ba2bd0, 0x0000028304ba6050, 0x0000028304ba66e0,
0x0000028304badd00, 0x0000028304baea20, 0x0000028304bae390, 0x0000028304bb59b0,
0x0000028304bb3f70, 0x0000028304bb66d0, 0x0000028304bb4600, 0x0000028304bb6d60,
0x0000028304bb38e0, 0x0000028304bb73f0, 0x0000028304bb7a80, 0x00000282dca67b50,
0x00000282dca68f00, 0x00000282eb7d2d90, 0x00000282eb7cffa0, 0x00000282d9a0fdb0,
0x00000282dd1c4da0, 0x00000282dd1c6150, 0x00000282dd1c67e0, 0x00000282dd1c6e70,
0x00000282dd1c4080, 0x00000282dd1c4710, 0x00000282ec813f00, 0x00000282ec814c20,
0x00000282ec813870, 0x00000282ec8152b0, 0x00000282ec814590, 0x00000283071d5c50,
0x00000283071d6970, 0x00000282ec815940, 0x00000282ec8124c0, 0x00000283124011f0,
0x0000028312d280f0, 0x0000028307aa7f30, 0x0000028307aa7860, 0x0000028307aa7190,
0x000002830f0a76c0, 0x000002830693d2c0, 0x000002830cc4dd80, 0x0000028307708b40,
0x00000283046b32c0, 0x000002830a696b60, 0x00000283046b3950, 0x000002830a6971f0,
0x000002830f0a83e0, 0x0000028306c53b00, 0x00000283069400b0, 0x000002830d038ee0,
0x000002830fe1b270, 0x00000282d83fcf10, 0x000002830d03a290, 0x000002830693f390,
0x0000028308273b30, 0x0000028308275570, 0x00000283086efa60, 0x00000283086ef3d0,
0x00000283054b38d0, 0x000002830eab3690, 0x000002830fe1c620, 0x000002830fe19ec0,
0x0000028306caacb0, 0x000002830417e660, 0x000002830cc4fe50, 0x000002830e72a700,
0x000002830f29f350
}

Java Threads: ( => current thread )
  0x00000282efb49ec0 JavaThread "main"                              [_thread_blocked, id=21844, stack(0x000000fdb8100000,0x000000fdb8200000) (1024K)]
  0x000002828fa9ac00 JavaThread "Reference Handler"          daemon [_thread_blocked, id=2248, stack(0x000000fdb8900000,0x000000fdb8a00000) (1024K)]
  0x000002828fa9b860 JavaThread "Finalizer"                  daemon [_thread_blocked, id=25392, stack(0x000000fdb8a00000,0x000000fdb8b00000) (1024K)]
  0x000002828fb23fb0 JavaThread "Signal Dispatcher"          daemon [_thread_blocked, id=23532, stack(0x000000fdb8b00000,0x000000fdb8c00000) (1024K)]
  0x000002828fb24a10 JavaThread "Attach Listener"            daemon [_thread_blocked, id=25020, stack(0x000000fdb8c00000,0x000000fdb8d00000) (1024K)]
  0x000002828fb25470 JavaThread "Service Thread"             daemon [_thread_blocked, id=12464, stack(0x000000fdb8d00000,0x000000fdb8e00000) (1024K)]
  0x000002828fb25ed0 JavaThread "Monitor Deflation Thread"   daemon [_thread_blocked, id=22136, stack(0x000000fdb8e00000,0x000000fdb8f00000) (1024K)]
  0x000002828fb2ec70 JavaThread "C2 CompilerThread0"         daemon [_thread_in_native, id=19884, stack(0x000000fdb8f00000,0x000000fdb9000000) (1024K)]
  0x000002828fb35740 JavaThread "C1 CompilerThread0"         daemon [_thread_in_vm, id=25764, stack(0x000000fdb9000000,0x000000fdb9100000) (1024K)]
  0x000002828fcdcf20 JavaThread "Common-Cleaner"             daemon [_thread_blocked, id=32016, stack(0x000000fdb9200000,0x000000fdb9300000) (1024K)]
  0x000002828fe385e0 JavaThread "Notification Thread"        daemon [_thread_blocked, id=3740, stack(0x000000fdb9600000,0x000000fdb9700000) (1024K)]
  0x00000282d6b8e180 JavaThread "Daemon health stats"               [_thread_blocked, id=27700, stack(0x000000fdb9e00000,0x000000fdb9f00000) (1024K)]
  0x00000282d69dcbf0 JavaThread "Incoming local TCP Connector on port 63457"        [_thread_in_native, id=11628, stack(0x000000fdb9f00000,0x000000fdba000000) (1024K)]
  0x00000282d6c26ef0 JavaThread "Daemon periodic checks"            [_thread_blocked, id=14704, stack(0x000000fdba000000,0x000000fdba100000) (1024K)]
  0x00000282d6ae65d0 JavaThread "Daemon"                            [_thread_blocked, id=21516, stack(0x000000fdba100000,0x000000fdba200000) (1024K)]
  0x00000282d6d32a10 JavaThread "Daemon worker"                     [_thread_blocked, id=5068, stack(0x000000fdba400000,0x000000fdba500000) (1024K)]
  0x00000282d6d330a0 JavaThread "Cache worker for journal cache (C:\Users\user\.gradle\caches\journal-1)"        [_thread_blocked, id=32628, stack(0x000000fdba800000,0x000000fdba900000) (1024K)]
  0x00000282d6d31cf0 JavaThread "File lock request listener"        [_thread_in_native, id=25788, stack(0x000000fdba900000,0x000000fdbaa00000) (1024K)]
  0x00000282d6d32380 JavaThread "Cache worker for file hash cache (C:\Users\user\.gradle\caches\8.10.2\fileHashes)"        [_thread_blocked, id=1588, stack(0x000000fdbaa00000,0x000000fdbab00000) (1024K)]
  0x00000282d95f0c80 JavaThread "File watcher server"        daemon [_thread_in_native, id=29964, stack(0x000000fdbb600000,0x000000fdbb700000) (1024K)]
  0x00000282d95f05f0 JavaThread "File watcher consumer"      daemon [_thread_blocked, id=15736, stack(0x000000fdb9500000,0x000000fdb9600000) (1024K)]
  0x00000282d95eff60 JavaThread "Cache worker for file content cache (C:\Users\user\.gradle\caches\8.10.2\fileContent)"        [_thread_blocked, id=26896, stack(0x000000fdb9800000,0x000000fdb9900000) (1024K)]
  0x00000282dca51090 JavaThread "Memory manager"                    [_thread_blocked, id=32764, stack(0x000000fdbe800000,0x000000fdbe900000) (1024K)]
  0x00000282eb7daa40 JavaThread "pool-3-thread-1"                   [_thread_blocked, id=33688, stack(0x000000fdbba00000,0x000000fdbbb00000) (1024K)]
  0x00000282d73e0970 JavaThread "Handler for socket connection from /127.0.0.1:63457 to /127.0.0.1:63463"        [_thread_in_native, id=18392, stack(0x000000fdb9100000,0x000000fdb9200000) (1024K)]
  0x00000282d73e1000 JavaThread "Cancel handler"                    [_thread_blocked, id=18396, stack(0x000000fdb9300000,0x000000fdb9400000) (1024K)]
  0x00000282d73e5830 JavaThread "Asynchronous log dispatcher for DefaultDaemonConnection: socket connection from /127.0.0.1:63457 to /127.0.0.1:63463"        [_thread_blocked, id=15936, stack(0x000000fdb9400000,0x000000fdb9500000) (1024K)]
  0x00000282d73e23b0 JavaThread "Stdin handler"                     [_thread_blocked, id=19208, stack(0x000000fdba200000,0x000000fdba300000) (1024K)]
  0x00000282ec959c10 JavaThread "Daemon client event forwarder"        [_thread_blocked, id=3196, stack(0x000000fdba300000,0x000000fdba400000) (1024K)]
  0x00000282ec958ef0 JavaThread "Cache worker for file hash cache (C:\Users\user\AndroidStudioProjects\FoodRecipes_MVVM\.gradle\8.10.2\fileHashes)"        [_thread_blocked, id=30848, stack(0x000000fdba500000,0x000000fdba600000) (1024K)]
  0x00000282ec95a2a0 JavaThread "Cache worker for Build Output Cleanup Cache (C:\Users\user\AndroidStudioProjects\FoodRecipes_MVVM\.gradle\buildOutputCleanup)"        [_thread_blocked, id=28280, stack(0x000000fdba600000,0x000000fdba700000) (1024K)]
  0x00000282ec95afc0 JavaThread "Cache worker for checksums cache (C:\Users\user\AndroidStudioProjects\FoodRecipes_MVVM\.gradle\8.10.2\checksums)"        [_thread_blocked, id=18952, stack(0x000000fdba700000,0x000000fdba800000) (1024K)]
  0x00000282ec958860 JavaThread "Cache worker for cache directory md-rule (C:\Users\user\.gradle\caches\8.10.2\md-rule)"        [_thread_blocked, id=14852, stack(0x000000fdbb400000,0x000000fdbb500000) (1024K)]
  0x00000282ec95f7f0 JavaThread "Cache worker for cache directory md-supplier (C:\Users\user\.gradle\caches\8.10.2\md-supplier)"        [_thread_blocked, id=17524, stack(0x000000fdbb500000,0x000000fdbb600000) (1024K)]
  0x00000282ec95ead0 JavaThread "Unconstrained build operations"        [_thread_blocked, id=17520, stack(0x000000fdbbd00000,0x000000fdbbe00000) (1024K)]
  0x00000282ec95c370 JavaThread "Unconstrained build operations Thread 2"        [_thread_blocked, id=32816, stack(0x000000fdbbe00000,0x000000fdbbf00000) (1024K)]
  0x00000282ec95f160 JavaThread "Unconstrained build operations Thread 3"        [_thread_blocked, id=33748, stack(0x000000fdbbf00000,0x000000fdbc000000) (1024K)]
  0x00000282ec95d090 JavaThread "Unconstrained build operations Thread 4"        [_thread_blocked, id=26112, stack(0x000000fdbc000000,0x000000fdbc100000) (1024K)]
  0x00000282ec95fe80 JavaThread "Unconstrained build operations Thread 5"        [_thread_blocked, id=21788, stack(0x000000fdbc100000,0x000000fdbc200000) (1024K)]
  0x00000282ec95ca00 JavaThread "Unconstrained build operations Thread 6"        [_thread_blocked, id=30432, stack(0x000000fdbc200000,0x000000fdbc300000) (1024K)]
  0x00000282ec960ba0 JavaThread "Unconstrained build operations Thread 7"        [_thread_blocked, id=24600, stack(0x000000fdbc300000,0x000000fdbc400000) (1024K)]
  0x00000282ec95d720 JavaThread "Unconstrained build operations Thread 8"        [_thread_blocked, id=20100, stack(0x000000fdbc400000,0x000000fdbc500000) (1024K)]
  0x00000282ec962c70 JavaThread "Unconstrained build operations Thread 9"        [_thread_blocked, id=7144, stack(0x000000fdbc500000,0x000000fdbc600000) (1024K)]
  0x00000282ec963300 JavaThread "Unconstrained build operations Thread 10"        [_thread_blocked, id=33008, stack(0x000000fdbc600000,0x000000fdbc700000) (1024K)]
  0x00000282ec961230 JavaThread "Unconstrained build operations Thread 11"        [_thread_blocked, id=31768, stack(0x000000fdbc700000,0x000000fdbc800000) (1024K)]
  0x00000282ec963990 JavaThread "Unconstrained build operations Thread 12"        [_thread_blocked, id=22400, stack(0x000000fdbc800000,0x000000fdbc900000) (1024K)]
  0x00000282ec9646b0 JavaThread "Unconstrained build operations Thread 13"        [_thread_blocked, id=8576, stack(0x000000fdbc900000,0x000000fdbca00000) (1024K)]
  0x00000282ec9625e0 JavaThread "Unconstrained build operations Thread 14"        [_thread_blocked, id=26268, stack(0x000000fdbca00000,0x000000fdbcb00000) (1024K)]
  0x00000282ec964020 JavaThread "Unconstrained build operations Thread 15"        [_thread_blocked, id=23664, stack(0x000000fdbcb00000,0x000000fdbcc00000) (1024K)]
  0x00000282ec9618c0 JavaThread "Unconstrained build operations Thread 16"        [_thread_blocked, id=5088, stack(0x000000fdbcc00000,0x000000fdbcd00000) (1024K)]
  0x00000282ec9653d0 JavaThread "Unconstrained build operations Thread 17"        [_thread_blocked, id=16456, stack(0x000000fdbcd00000,0x000000fdbce00000) (1024K)]
  0x00000282ec961f50 JavaThread "Unconstrained build operations Thread 18"        [_thread_blocked, id=2544, stack(0x000000fdbce00000,0x000000fdbcf00000) (1024K)]
  0x00000282ec965a60 JavaThread "Unconstrained build operations Thread 19"        [_thread_blocked, id=18928, stack(0x000000fdbcf00000,0x000000fdbd000000) (1024K)]
  0x00000282ec9660f0 JavaThread "Unconstrained build operations Thread 20"        [_thread_blocked, id=21004, stack(0x000000fdbd000000,0x000000fdbd100000) (1024K)]
  0x00000282ec966780 JavaThread "Unconstrained build operations Thread 21"        [_thread_blocked, id=26220, stack(0x000000fdbd100000,0x000000fdbd200000) (1024K)]
  0x00000282ec967b30 JavaThread "Unconstrained build operations Thread 22"        [_thread_blocked, id=9944, stack(0x000000fdbd200000,0x000000fdbd300000) (1024K)]
  0x00000282ec966e10 JavaThread "Unconstrained build operations Thread 23"        [_thread_blocked, id=28808, stack(0x000000fdbd300000,0x000000fdbd400000) (1024K)]
  0x00000282ec9674a0 JavaThread "Unconstrained build operations Thread 24"        [_thread_blocked, id=11636, stack(0x000000fdbd400000,0x000000fdbd500000) (1024K)]
  0x00000282dc14ae90 JavaThread "Unconstrained build operations Thread 25"        [_thread_blocked, id=33056, stack(0x000000fdbd500000,0x000000fdbd600000) (1024K)]
  0x00000282dc14a170 JavaThread "Unconstrained build operations Thread 26"        [_thread_blocked, id=28260, stack(0x000000fdbd600000,0x000000fdbd700000) (1024K)]
  0x00000282dc149450 JavaThread "Unconstrained build operations Thread 27"        [_thread_blocked, id=15724, stack(0x000000fdbd700000,0x000000fdbd800000) (1024K)]
  0x00000282dc1480a0 JavaThread "Unconstrained build operations Thread 28"        [_thread_blocked, id=31292, stack(0x000000fdbd800000,0x000000fdbd900000) (1024K)]
  0x00000282dc149ae0 JavaThread "Unconstrained build operations Thread 29"        [_thread_blocked, id=20132, stack(0x000000fdbd900000,0x000000fdbda00000) (1024K)]
  0x00000282dc147a10 JavaThread "Unconstrained build operations Thread 30"        [_thread_blocked, id=23428, stack(0x000000fdbda00000,0x000000fdbdb00000) (1024K)]
  0x00000282dc14b520 JavaThread "build event listener"              [_thread_blocked, id=5532, stack(0x000000fdbdd00000,0x000000fdbde00000) (1024K)]
  0x00000282eb7d68a0 JavaThread "pool-7-thread-1"                   [_thread_blocked, id=6600, stack(0x000000fdbdf00000,0x000000fdbe000000) (1024K)]
  0x00000282eb7dbdf0 JavaThread "build event listener"              [_thread_blocked, id=27380, stack(0x000000fdbe000000,0x000000fdbe100000) (1024K)]
  0x00000282eb7db0d0 JavaThread "included builds"                   [_thread_blocked, id=16400, stack(0x000000fdbe100000,0x000000fdbe200000) (1024K)]
  0x00000282eb7debe0 JavaThread "Execution worker"                  [_thread_blocked, id=33020, stack(0x000000fdbe200000,0x000000fdbe300000) (1024K)]
  0x00000282dca558c0 JavaThread "Execution worker Thread 2"         [_thread_blocked, id=23640, stack(0x000000fdbe300000,0x000000fdbe400000) (1024K)]
  0x00000282dca52ad0 JavaThread "Execution worker Thread 3"         [_thread_blocked, id=6332, stack(0x000000fdbe400000,0x000000fdbe500000) (1024K)]
  0x00000282dca57990 JavaThread "Execution worker Thread 4"         [_thread_blocked, id=18008, stack(0x000000fdbe500000,0x000000fdbe600000) (1024K)]
  0x00000282dca56c70 JavaThread "Execution worker Thread 5"         [_thread_blocked, id=12232, stack(0x000000fdbe600000,0x000000fdbe700000) (1024K)]
  0x00000282dca58020 JavaThread "Execution worker Thread 6"         [_thread_blocked, id=21672, stack(0x000000fdbe700000,0x000000fdbe800000) (1024K)]
  0x00000282d6d33730 JavaThread "Execution worker Thread 7"         [_thread_blocked, id=33720, stack(0x000000fdbe900000,0x000000fdbea00000) (1024K)]
  0x00000282d6d33dc0 JavaThread "Execution worker Thread 8"         [_thread_blocked, id=32988, stack(0x000000fdbea00000,0x000000fdbeb00000) (1024K)]
  0x00000282d6d34450 JavaThread "Execution worker Thread 9"         [_thread_blocked, id=29816, stack(0x000000fdbec00000,0x000000fdbed00000) (1024K)]
  0x00000282d6d30fd0 JavaThread "Execution worker Thread 10"        [_thread_blocked, id=13988, stack(0x000000fdbed00000,0x000000fdbee00000) (1024K)]
  0x00000282d6d31660 JavaThread "Execution worker Thread 11"        [_thread_blocked, id=27452, stack(0x000000fdbee00000,0x000000fdbef00000) (1024K)]
  0x00000282dc14cf60 JavaThread "Execution worker Thread 12"        [_thread_blocked, id=30976, stack(0x000000fdbef00000,0x000000fdbf000000) (1024K)]
  0x00000282dc14e9a0 JavaThread "Execution worker Thread 13"        [_thread_blocked, id=12472, stack(0x000000fdbf000000,0x000000fdbf100000) (1024K)]
  0x00000282dc14bbb0 JavaThread "Execution worker Thread 14"        [_thread_blocked, id=13084, stack(0x000000fdbf100000,0x000000fdbf200000) (1024K)]
  0x00000282db8b3e70 JavaThread "Execution worker Thread 15"        [_thread_blocked, id=19924, stack(0x000000fdbf200000,0x000000fdbf300000) (1024K)]
  0x00000282ea434910 JavaThread "Cache worker for execution history cache (C:\Users\user\AndroidStudioProjects\FoodRecipes_MVVM\.gradle\8.10.2\executionHistory)"        [_thread_blocked, id=32220, stack(0x000000fdbf300000,0x000000fdbf400000) (1024K)]
  0x00000282dd1a46f0 JavaThread "Unconstrained build operations Thread 31"        [_thread_blocked, id=28944, stack(0x000000fdbf500000,0x000000fdbf600000) (1024K)]
  0x00000282dd1a4d80 JavaThread "Unconstrained build operations Thread 32"        [_thread_blocked, id=16848, stack(0x000000fdbf600000,0x000000fdbf700000) (1024K)]
  0x00000282dd1a5aa0 JavaThread "Unconstrained build operations Thread 33"        [_thread_blocked, id=33692, stack(0x000000fdbf700000,0x000000fdbf800000) (1024K)]
  0x00000282dd1a74e0 JavaThread "Unconstrained build operations Thread 34"        [_thread_blocked, id=23500, stack(0x000000fdbf800000,0x000000fdbf900000) (1024K)]
  0x00000282dd1a4060 JavaThread "Unconstrained build operations Thread 35"        [_thread_blocked, id=16380, stack(0x000000fdbf900000,0x000000fdbfa00000) (1024K)]
  0x00000282dd1a8890 JavaThread "Unconstrained build operations Thread 36"        [_thread_blocked, id=1608, stack(0x000000fdbfa00000,0x000000fdbfb00000) (1024K)]
  0x00000282dd1a7b70 JavaThread "Unconstrained build operations Thread 37"        [_thread_blocked, id=26108, stack(0x000000fdbfb00000,0x000000fdbfc00000) (1024K)]
  0x00000282dd1a8200 JavaThread "Unconstrained build operations Thread 38"        [_thread_blocked, id=18824, stack(0x000000fdbfc00000,0x000000fdbfd00000) (1024K)]
  0x00000282dd1a5410 JavaThread "Unconstrained build operations Thread 39"        [_thread_blocked, id=16404, stack(0x000000fdbfd00000,0x000000fdbfe00000) (1024K)]
  0x00000282dd1a95b0 JavaThread "Unconstrained build operations Thread 40"        [_thread_blocked, id=14448, stack(0x000000fdbfe00000,0x000000fdbff00000) (1024K)]
  0x00000282dd1a8f20 JavaThread "Unconstrained build operations Thread 41"        [_thread_blocked, id=13016, stack(0x000000fdbff00000,0x000000fdc0000000) (1024K)]
  0x00000282dd1a6130 JavaThread "Unconstrained build operations Thread 42"        [_thread_blocked, id=24560, stack(0x000000fdc0000000,0x000000fdc0100000) (1024K)]
  0x00000282dd1a6e50 JavaThread "Unconstrained build operations Thread 43"        [_thread_blocked, id=27796, stack(0x000000fdc0100000,0x000000fdc0200000) (1024K)]
  0x00000282dd1a9c40 JavaThread "Unconstrained build operations Thread 44"        [_thread_blocked, id=16488, stack(0x000000fdc0200000,0x000000fdc0300000) (1024K)]
  0x00000282dd1a67c0 JavaThread "Unconstrained build operations Thread 45"        [_thread_blocked, id=21112, stack(0x000000fdc0300000,0x000000fdc0400000) (1024K)]
  0x00000282dd1aa2d0 JavaThread "Unconstrained build operations Thread 46"        [_thread_blocked, id=20476, stack(0x000000fdc0400000,0x000000fdc0500000) (1024K)]
  0x00000282dd1aca30 JavaThread "Unconstrained build operations Thread 47"        [_thread_blocked, id=19692, stack(0x000000fdc0500000,0x000000fdc0600000) (1024K)]
  0x00000282dd1ac3a0 JavaThread "Unconstrained build operations Thread 48"        [_thread_blocked, id=23784, stack(0x000000fdc0600000,0x000000fdc0700000) (1024K)]
  0x00000282dd1aaff0 JavaThread "Unconstrained build operations Thread 49"        [_thread_blocked, id=28664, stack(0x000000fdc0700000,0x000000fdc0800000) (1024K)]
  0x00000282dd1adde0 JavaThread "Unconstrained build operations Thread 50"        [_thread_blocked, id=23340, stack(0x000000fdc0800000,0x000000fdc0900000) (1024K)]
  0x00000282dd1aa960 JavaThread "Unconstrained build operations Thread 51"        [_thread_blocked, id=30060, stack(0x000000fdc0900000,0x000000fdc0a00000) (1024K)]
  0x00000282dd1ae470 JavaThread "WorkerExecutor Queue"              [_thread_blocked, id=22324, stack(0x000000fdc0a00000,0x000000fdc0b00000) (1024K)]
  0x00000282dd1ab680 JavaThread "Unconstrained build operations Thread 52"        [_thread_blocked, id=5668, stack(0x000000fdc0b00000,0x000000fdc0c00000) (1024K)]
  0x00000282dd1af190 JavaThread "Unconstrained build operations Thread 53"        [_thread_blocked, id=4356, stack(0x000000fdc0c00000,0x000000fdc0d00000) (1024K)]
  0x00000282dd1abd10 JavaThread "Unconstrained build operations Thread 54"        [_thread_blocked, id=24672, stack(0x000000fdc0d00000,0x000000fdc0e00000) (1024K)]
  0x00000282dd1b1260 JavaThread "Unconstrained build operations Thread 55"        [_thread_blocked, id=28628, stack(0x000000fdc0e00000,0x000000fdc0f00000) (1024K)]
  0x00000282dd1b2ca0 JavaThread "Unconstrained build operations Thread 56"        [_thread_blocked, id=30884, stack(0x000000fdc0f00000,0x000000fdc1000000) (1024K)]
  0x00000282dd1b1f80 JavaThread "Unconstrained build operations Thread 57"        [_thread_blocked, id=17212, stack(0x000000fdc1000000,0x000000fdc1100000) (1024K)]
  0x00000282dd1b18f0 JavaThread "Unconstrained build operations Thread 58"        [_thread_blocked, id=3496, stack(0x000000fdc1100000,0x000000fdc1200000) (1024K)]
  0x00000282dd1b2610 JavaThread "Unconstrained build operations Thread 59"        [_thread_blocked, id=26128, stack(0x000000fdc1200000,0x000000fdc1300000) (1024K)]
  0x00000282dd1af820 JavaThread "Unconstrained build operations Thread 60"        [_thread_blocked, id=31788, stack(0x000000fdc1300000,0x000000fdc1400000) (1024K)]
  0x00000282dd1b0bd0 JavaThread "Unconstrained build operations Thread 61"        [_thread_blocked, id=31876, stack(0x000000fdc1400000,0x000000fdc1500000) (1024K)]
  0x00000282dd1afeb0 JavaThread "Unconstrained build operations Thread 62"        [_thread_blocked, id=18412, stack(0x000000fdc1500000,0x000000fdc1600000) (1024K)]
  0x00000282dd1b0540 JavaThread "Unconstrained build operations Thread 63"        [_thread_blocked, id=33416, stack(0x000000fdc1600000,0x000000fdc1700000) (1024K)]
  0x00000282d73e6be0 JavaThread "Unconstrained build operations Thread 64"        [_thread_blocked, id=19536, stack(0x000000fdc1700000,0x000000fdc1800000) (1024K)]
  0x00000282dca62600 JavaThread "Unconstrained build operations Thread 65"        [_thread_blocked, id=31852, stack(0x000000fdc1800000,0x000000fdc1900000) (1024K)]
  0x00000282dca5f180 JavaThread "Unconstrained build operations Thread 66"        [_thread_blocked, id=30196, stack(0x000000fdc1900000,0x000000fdc1a00000) (1024K)]
  0x00000282dca6afd0 JavaThread "WorkerExecutor Queue Thread 2"        [_thread_blocked, id=28972, stack(0x000000fdc1a00000,0x000000fdc1b00000) (1024K)]
  0x00000282dca6b660 JavaThread "WorkerExecutor Queue Thread 3"        [_thread_blocked, id=22048, stack(0x000000fdc1b00000,0x000000fdc1c00000) (1024K)]
  0x00000282dca69c20 JavaThread "WorkerExecutor Queue Thread 5"        [_thread_blocked, id=25388, stack(0x000000fdc1d00000,0x000000fdc1e00000) (1024K)]
  0x00000282dca6d730 JavaThread "WorkerExecutor Queue Thread 6"        [_thread_in_Java, id=19076, stack(0x000000fdc1e00000,0x000000fdc1f00000) (1024K)]
  0x00000282dca6ddc0 JavaThread "WorkerExecutor Queue Thread 7"        [_thread_blocked, id=19128, stack(0x000000fdc1f00000,0x000000fdc2000000) (1024K)]
  0x00000282dca6e450 JavaThread "WorkerExecutor Queue Thread 8"        [_thread_blocked, id=29080, stack(0x000000fdc2000000,0x000000fdc2100000) (1024K)]
  0x00000282dca51db0 JavaThread "WorkerExecutor Queue Thread 10"        [_thread_blocked, id=9476, stack(0x000000fdc2200000,0x000000fdc2300000) (1024K)]
  0x00000282dca55230 JavaThread "WorkerExecutor Queue Thread 11"        [_thread_blocked, id=29768, stack(0x000000fdc2300000,0x000000fdc2400000) (1024K)]
  0x00000282dc14f030 JavaThread "WorkerExecutor Queue Thread 12"        [_thread_in_native, id=24676, stack(0x000000fdc2400000,0x000000fdc2500000) (1024K)]
  0x00000282eb7d82e0 JavaThread "WorkerExecutor Queue Thread 13"        [_thread_blocked, id=24180, stack(0x000000fdc2500000,0x000000fdc2600000) (1024K)]
  0x00000282d83fe2c0 JavaThread "WorkerExecutor Queue Thread 14"        [_thread_blocked, id=31572, stack(0x000000fdc2600000,0x000000fdc2700000) (1024K)]
  0x00000282edbf2e10 JavaThread "WorkerExecutor Queue Thread 16"        [_thread_in_Java, id=23888, stack(0x000000fdc2800000,0x000000fdc2900000) (1024K)]
  0x00000282edbf6920 JavaThread "Unconstrained build operations Thread 67"        [_thread_blocked, id=32448, stack(0x000000fdc2900000,0x000000fdc2a00000) (1024K)]
  0x00000282edbf6fb0 JavaThread "Unconstrained build operations Thread 68"        [_thread_blocked, id=10572, stack(0x000000fdc2a00000,0x000000fdc2b00000) (1024K)]
  0x00000282edbf41c0 JavaThread "Unconstrained build operations Thread 69"        [_thread_blocked, id=16372, stack(0x000000fdc2b00000,0x000000fdc2c00000) (1024K)]
  0x00000282edbf9710 JavaThread "Unconstrained build operations Thread 70"        [_thread_blocked, id=18160, stack(0x000000fdc2c00000,0x000000fdc2d00000) (1024K)]
  0x00000282edbfaac0 JavaThread "Unconstrained build operations Thread 71"        [_thread_blocked, id=24064, stack(0x000000fdc2d00000,0x000000fdc2e00000) (1024K)]
  0x00000282edbf89f0 JavaThread "Unconstrained build operations Thread 72"        [_thread_blocked, id=2712, stack(0x000000fdc2e00000,0x000000fdc2f00000) (1024K)]
  0x00000282edbf7cd0 JavaThread "Unconstrained build operations Thread 73"        [_thread_blocked, id=9936, stack(0x000000fdc2f00000,0x000000fdc3000000) (1024K)]
  0x00000282edbf9080 JavaThread "Unconstrained build operations Thread 74"        [_thread_blocked, id=15692, stack(0x000000fdc3000000,0x000000fdc3100000) (1024K)]
  0x00000282edbfb150 JavaThread "Unconstrained build operations Thread 75"        [_thread_blocked, id=30772, stack(0x000000fdc3100000,0x000000fdc3200000) (1024K)]
  0x00000282edbfa430 JavaThread "Unconstrained build operations Thread 76"        [_thread_blocked, id=4376, stack(0x000000fdc3200000,0x000000fdc3300000) (1024K)]
  0x00000282edbfb7e0 JavaThread "Unconstrained build operations Thread 77"        [_thread_blocked, id=30336, stack(0x000000fdc3300000,0x000000fdc3400000) (1024K)]
  0x00000282edbf8360 JavaThread "Unconstrained build operations Thread 78"        [_thread_blocked, id=13960, stack(0x000000fdc3400000,0x000000fdc3500000) (1024K)]
  0x00000282edbfbe70 JavaThread "Unconstrained build operations Thread 79"        [_thread_blocked, id=30096, stack(0x000000fdc3500000,0x000000fdc3600000) (1024K)]
  0x00000282edbf9da0 JavaThread "Unconstrained build operations Thread 80"        [_thread_blocked, id=15116, stack(0x000000fdc3600000,0x000000fdc3700000) (1024K)]
  0x00000282edbfd8b0 JavaThread "Unconstrained build operations Thread 81"        [_thread_blocked, id=31092, stack(0x000000fdc3700000,0x000000fdc3800000) (1024K)]
  0x00000282edbfcb90 JavaThread "Unconstrained build operations Thread 82"        [_thread_blocked, id=1872, stack(0x000000fdc3800000,0x000000fdc3900000) (1024K)]
  0x00000282edbfdf40 JavaThread "Unconstrained build operations Thread 83"        [_thread_blocked, id=24884, stack(0x000000fdc3900000,0x000000fdc3a00000) (1024K)]
  0x00000282edbfd220 JavaThread "Unconstrained build operations Thread 84"        [_thread_blocked, id=28856, stack(0x000000fdc3a00000,0x000000fdc3b00000) (1024K)]
  0x00000282edbfec60 JavaThread "Unconstrained build operations Thread 85"        [_thread_blocked, id=28568, stack(0x000000fdc3b00000,0x000000fdc3c00000) (1024K)]
  0x00000282edbff2f0 JavaThread "Unconstrained build operations Thread 86"        [_thread_blocked, id=11280, stack(0x000000fdc3c00000,0x000000fdc3d00000) (1024K)]
  0x00000282dca62c90 JavaThread "Unconstrained build operations Thread 87"        [_thread_blocked, id=31944, stack(0x000000fdc3d00000,0x000000fdc3e00000) (1024K)]
  0x00000282dca5f810 JavaThread "Unconstrained build operations Thread 88"        [_thread_blocked, id=22456, stack(0x000000fdc3e00000,0x000000fdc3f00000) (1024K)]
  0x00000282dca65a80 JavaThread "Unconstrained build operations Thread 89"        [_thread_blocked, id=24076, stack(0x000000fdc3f00000,0x000000fdc4000000) (1024K)]
  0x00000282dca63320 JavaThread "Unconstrained build operations Thread 90"        [_thread_blocked, id=9060, stack(0x000000fdc4000000,0x000000fdc4100000) (1024K)]
  0x00000282dca674c0 JavaThread "Unconstrained build operations Thread 91"        [_thread_blocked, id=29312, stack(0x000000fdc4100000,0x000000fdc4200000) (1024K)]
  0x00000282dca6a2b0 JavaThread "Unconstrained build operations Thread 92"        [_thread_blocked, id=2120, stack(0x000000fdc4200000,0x000000fdc4300000) (1024K)]
  0x00000282dca681e0 JavaThread "Unconstrained build operations Thread 93"        [_thread_blocked, id=24348, stack(0x000000fdc4300000,0x000000fdc4400000) (1024K)]
  0x00000282dca68870 JavaThread "Unconstrained build operations Thread 94"        [_thread_blocked, id=24584, stack(0x000000fdc4400000,0x000000fdc4500000) (1024K)]
  0x00000282eb7d4e60 JavaThread "Unconstrained build operations Thread 95"        [_thread_blocked, id=3912, stack(0x000000fdc4500000,0x000000fdc4600000) (1024K)]
  0x00000282d95f4e20 JavaThread "Unconstrained build operations Thread 96"        [_thread_blocked, id=27024, stack(0x000000fdc4600000,0x000000fdc4700000) (1024K)]
  0x00000282dc14e310 JavaThread "Unconstrained build operations Thread 97"        [_thread_blocked, id=23128, stack(0x000000fdc4700000,0x000000fdc4800000) (1024K)]
  0x00000282db8b4b90 JavaThread "Unconstrained build operations Thread 98"        [_thread_blocked, id=25052, stack(0x000000fdc4800000,0x000000fdc4900000) (1024K)]
  0x00000282ec4c6f30 JavaThread "Unconstrained build operations Thread 99"        [_thread_blocked, id=19568, stack(0x000000fdc4900000,0x000000fdc4a00000) (1024K)]
  0x00000282ec4c9d20 JavaThread "Unconstrained build operations Thread 100"        [_thread_blocked, id=33624, stack(0x000000fdc4a00000,0x000000fdc4b00000) (1024K)]
  0x00000282ec4c75c0 JavaThread "Unconstrained build operations Thread 101"        [_thread_blocked, id=13924, stack(0x000000fdc4b00000,0x000000fdc4c00000) (1024K)]
  0x00000282ec4c68a0 JavaThread "Unconstrained build operations Thread 102"        [_thread_blocked, id=30184, stack(0x000000fdc4c00000,0x000000fdc4d00000) (1024K)]
  0x00000282ec4c8970 JavaThread "Unconstrained build operations Thread 103"        [_thread_blocked, id=12596, stack(0x000000fdc4d00000,0x000000fdc4e00000) (1024K)]
  0x00000282ec4caa40 JavaThread "Unconstrained build operations Thread 104"        [_thread_blocked, id=33140, stack(0x000000fdc4e00000,0x000000fdc4f00000) (1024K)]
  0x00000282ec4c9000 JavaThread "Unconstrained build operations Thread 105"        [_thread_blocked, id=33208, stack(0x000000fdc4f00000,0x000000fdc5000000) (1024K)]
  0x00000282ec4c9690 JavaThread "Unconstrained build operations Thread 106"        [_thread_blocked, id=12704, stack(0x000000fdc5000000,0x000000fdc5100000) (1024K)]
  0x00000282ec4cb0d0 JavaThread "Unconstrained build operations Thread 107"        [_thread_blocked, id=17980, stack(0x000000fdc5100000,0x000000fdc5200000) (1024K)]
  0x00000282ec4c82e0 JavaThread "Unconstrained build operations Thread 108"        [_thread_blocked, id=31176, stack(0x000000fdc5200000,0x000000fdc5300000) (1024K)]
  0x00000282ec4ca3b0 JavaThread "Unconstrained build operations Thread 109"        [_thread_blocked, id=23564, stack(0x000000fdc5300000,0x000000fdc5400000) (1024K)]
  0x00000282ec4c7c50 JavaThread "Unconstrained build operations Thread 110"        [_thread_blocked, id=30756, stack(0x000000fdc5400000,0x000000fdc5500000) (1024K)]
  0x00000282ec4ccb10 JavaThread "Unconstrained build operations Thread 111"        [_thread_blocked, id=20072, stack(0x000000fdc5500000,0x000000fdc5600000) (1024K)]
  0x00000282ec4cc480 JavaThread "Unconstrained build operations Thread 112"        [_thread_blocked, id=29088, stack(0x000000fdc5600000,0x000000fdc5700000) (1024K)]
  0x00000282ec4cdec0 JavaThread "Unconstrained build operations Thread 113"        [_thread_blocked, id=27680, stack(0x000000fdc5700000,0x000000fdc5800000) (1024K)]
  0x00000282ec4cb760 JavaThread "Unconstrained build operations Thread 114"        [_thread_blocked, id=16620, stack(0x000000fdc5800000,0x000000fdc5900000) (1024K)]
  0x00000282ec4cf270 JavaThread "Unconstrained build operations Thread 115"        [_thread_blocked, id=19788, stack(0x000000fdc5900000,0x000000fdc5a00000) (1024K)]
  0x00000282ec4cbdf0 JavaThread "Unconstrained build operations Thread 116"        [_thread_blocked, id=10800, stack(0x000000fdc5a00000,0x000000fdc5b00000) (1024K)]
  0x00000282ec4d0620 JavaThread "Unconstrained build operations Thread 117"        [_thread_blocked, id=32972, stack(0x000000fdc5b00000,0x000000fdc5c00000) (1024K)]
  0x00000282ec4d2060 JavaThread "Unconstrained build operations Thread 118"        [_thread_blocked, id=32072, stack(0x000000fdc5c00000,0x000000fdc5d00000) (1024K)]
  0x00000282ec4d26f0 JavaThread "Unconstrained build operations Thread 119"        [_thread_blocked, id=30968, stack(0x000000fdc5d00000,0x000000fdc5e00000) (1024K)]
  0x00000282ec4d0cb0 JavaThread "Unconstrained build operations Thread 120"        [_thread_blocked, id=32868, stack(0x000000fdc5e00000,0x000000fdc5f00000) (1024K)]
  0x00000282ec4d19d0 JavaThread "Unconstrained build operations Thread 121"        [_thread_blocked, id=32204, stack(0x000000fdc5f00000,0x000000fdc6000000) (1024K)]
  0x00000282ec4cf900 JavaThread "Unconstrained build operations Thread 122"        [_thread_blocked, id=16160, stack(0x000000fdc6000000,0x000000fdc6100000) (1024K)]
  0x00000282ec4d1340 JavaThread "Unconstrained build operations Thread 123"        [_thread_blocked, id=10184, stack(0x000000fdc6100000,0x000000fdc6200000) (1024K)]
  0x00000282ec4d3410 JavaThread "Unconstrained build operations Thread 124"        [_thread_blocked, id=15604, stack(0x000000fdc6200000,0x000000fdc6300000) (1024K)]
  0x00000282ec4d5b70 JavaThread "Unconstrained build operations Thread 125"        [_thread_blocked, id=2144, stack(0x000000fdc6300000,0x000000fdc6400000) (1024K)]
  0x00000282ec4cff90 JavaThread "Unconstrained build operations Thread 126"        [_thread_blocked, id=30608, stack(0x000000fdc6400000,0x000000fdc6500000) (1024K)]
  0x00000282ec4d3aa0 JavaThread "Unconstrained build operations Thread 127"        [_thread_blocked, id=25308, stack(0x000000fdc6500000,0x000000fdc6600000) (1024K)]
  0x00000282ec4d54e0 JavaThread "Unconstrained build operations Thread 128"        [_thread_blocked, id=29532, stack(0x000000fdc6600000,0x000000fdc6700000) (1024K)]
  0x00000282ec4d2d80 JavaThread "Unconstrained build operations Thread 129"        [_thread_blocked, id=17288, stack(0x000000fdc6700000,0x000000fdc6800000) (1024K)]
  0x00000282ec4d4130 JavaThread "Unconstrained build operations Thread 130"        [_thread_blocked, id=13480, stack(0x000000fdc6800000,0x000000fdc6900000) (1024K)]
  0x00000282ec4d47c0 JavaThread "Unconstrained build operations Thread 131"        [_thread_blocked, id=19572, stack(0x000000fdc6900000,0x000000fdc6a00000) (1024K)]
  0x00000282ec4d4e50 JavaThread "Unconstrained build operations Thread 132"        [_thread_blocked, id=26856, stack(0x000000fdc6a00000,0x000000fdc6b00000) (1024K)]
  0x0000028304b9c960 JavaThread "Unconstrained build operations Thread 133"        [_thread_blocked, id=28836, stack(0x000000fdc6b00000,0x000000fdc6c00000) (1024K)]
  0x0000028304b9a890 JavaThread "Unconstrained build operations Thread 134"        [_thread_blocked, id=17000, stack(0x000000fdc6c00000,0x000000fdc6d00000) (1024K)]
  0x0000028304b994e0 JavaThread "Unconstrained build operations Thread 135"        [_thread_blocked, id=32760, stack(0x000000fdc6d00000,0x000000fdc6e00000) (1024K)]
  0x0000028304b9bc40 JavaThread "Unconstrained build operations Thread 136"        [_thread_blocked, id=28708, stack(0x000000fdc6e00000,0x000000fdc6f00000) (1024K)]
  0x0000028304b9a200 JavaThread "Unconstrained build operations Thread 137"        [_thread_blocked, id=24472, stack(0x000000fdc6f00000,0x000000fdc7000000) (1024K)]
  0x0000028304b9cff0 JavaThread "Unconstrained build operations Thread 138"        [_thread_blocked, id=25204, stack(0x000000fdc7000000,0x000000fdc7100000) (1024K)]
  0x0000028304b9af20 JavaThread "Unconstrained build operations Thread 139"        [_thread_blocked, id=23488, stack(0x000000fdc7100000,0x000000fdc7200000) (1024K)]
  0x0000028304b99b70 JavaThread "Unconstrained build operations Thread 140"        [_thread_blocked, id=768, stack(0x000000fdc7200000,0x000000fdc7300000) (1024K)]
  0x0000028304b9ea30 JavaThread "Unconstrained build operations Thread 141"        [_thread_blocked, id=31008, stack(0x000000fdc7300000,0x000000fdc7400000) (1024K)]
  0x0000028304b9b5b0 JavaThread "Unconstrained build operations Thread 142"        [_thread_blocked, id=23808, stack(0x000000fdc7400000,0x000000fdc7500000) (1024K)]
  0x0000028304b9f0c0 JavaThread "Unconstrained build operations Thread 143"        [_thread_blocked, id=8068, stack(0x000000fdc7500000,0x000000fdc7600000) (1024K)]
  0x0000028304b9f750 JavaThread "Unconstrained build operations Thread 144"        [_thread_blocked, id=15584, stack(0x000000fdc7600000,0x000000fdc7700000) (1024K)]
  0x0000028304ba0b00 JavaThread "Unconstrained build operations Thread 145"        [_thread_blocked, id=5032, stack(0x000000fdc7700000,0x000000fdc7800000) (1024K)]
  0x0000028304b9d680 JavaThread "Unconstrained build operations Thread 146"        [_thread_blocked, id=27684, stack(0x000000fdc7800000,0x000000fdc7900000) (1024K)]
  0x0000028304b9e3a0 JavaThread "Unconstrained build operations Thread 147"        [_thread_blocked, id=29568, stack(0x000000fdc7900000,0x000000fdc7a00000) (1024K)]
  0x0000028304ba1190 JavaThread "Unconstrained build operations Thread 148"        [_thread_blocked, id=10764, stack(0x000000fdc7a00000,0x000000fdc7b00000) (1024K)]
  0x0000028304b9dd10 JavaThread "Unconstrained build operations Thread 149"        [_thread_blocked, id=33696, stack(0x000000fdc7b00000,0x000000fdc7c00000) (1024K)]
  0x0000028304ba2540 JavaThread "Unconstrained build operations Thread 150"        [_thread_blocked, id=23880, stack(0x000000fdc7c00000,0x000000fdc7d00000) (1024K)]
  0x0000028304ba38f0 JavaThread "Unconstrained build operations Thread 151"        [_thread_blocked, id=20164, stack(0x000000fdc7d00000,0x000000fdc7e00000) (1024K)]
  0x0000028304ba3f80 JavaThread "Unconstrained build operations Thread 152"        [_thread_blocked, id=16700, stack(0x000000fdc8000000,0x000000fdc8100000) (1024K)]
  0x0000028304ba4610 JavaThread "Unconstrained build operations Thread 153"        [_thread_blocked, id=27640, stack(0x000000fdc8100000,0x000000fdc8200000) (1024K)]
  0x0000028304ba4ca0 JavaThread "Unconstrained build operations Thread 154"        [_thread_blocked, id=20928, stack(0x000000fdc8200000,0x000000fdc8300000) (1024K)]
  0x0000028304ba1820 JavaThread "Unconstrained build operations Thread 155"        [_thread_blocked, id=14612, stack(0x000000fdc8300000,0x000000fdc8400000) (1024K)]
  0x0000028304ba5330 JavaThread "Unconstrained build operations Thread 156"        [_thread_blocked, id=28040, stack(0x000000fdc8400000,0x000000fdc8500000) (1024K)]
  0x0000028304ba1eb0 JavaThread "Unconstrained build operations Thread 157"        [_thread_blocked, id=12216, stack(0x000000fdc8500000,0x000000fdc8600000) (1024K)]
  0x0000028304ba59c0 JavaThread "Unconstrained build operations Thread 158"        [_thread_blocked, id=10200, stack(0x000000fdc8600000,0x000000fdc8700000) (1024K)]
  0x0000028304ba2bd0 JavaThread "Unconstrained build operations Thread 159"        [_thread_blocked, id=16804, stack(0x000000fdc8700000,0x000000fdc8800000) (1024K)]
  0x0000028304ba6050 JavaThread "Unconstrained build operations Thread 160"        [_thread_blocked, id=30672, stack(0x000000fdc8800000,0x000000fdc8900000) (1024K)]
  0x0000028304ba66e0 JavaThread "WorkerExecutor Queue Thread 17"        [_thread_blocked, id=32372, stack(0x000000fdc8900000,0x000000fdc8a00000) (1024K)]
  0x0000028304badd00 JavaThread "pool-8-thread-1"                   [_thread_blocked, id=2448, stack(0x000000fdb7e00000,0x000000fdb7f00000) (1024K)]
  0x0000028304baea20 JavaThread "stderr"                            [_thread_in_native, id=26068, stack(0x000000fdb8000000,0x000000fdb8100000) (1024K)]
  0x0000028304bae390 JavaThread "stdout"                            [_thread_in_native, id=440, stack(0x000000fdc8a00000,0x000000fdc8b00000) (1024K)]
  0x0000028304bb59b0 JavaThread "stderr"                            [_thread_in_native, id=30192, stack(0x000000fdc9b00000,0x000000fdc9c00000) (1024K)]
  0x0000028304bb3f70 JavaThread "stdout"                            [_thread_in_native, id=19388, stack(0x000000fdc9c00000,0x000000fdc9d00000) (1024K)]
  0x0000028304bb66d0 JavaThread "stderr"                            [_thread_in_native, id=30052, stack(0x000000fdc9d00000,0x000000fdc9e00000) (1024K)]
  0x0000028304bb4600 JavaThread "stdout"                            [_thread_in_native, id=28960, stack(0x000000fdc9e00000,0x000000fdc9f00000) (1024K)]
  0x0000028304bb6d60 JavaThread "stderr"                            [_thread_in_native, id=9120, stack(0x000000fdc9f00000,0x000000fdca000000) (1024K)]
  0x0000028304bb38e0 JavaThread "stdout"                            [_thread_in_native, id=29748, stack(0x000000fdca000000,0x000000fdca100000) (1024K)]
  0x0000028304bb73f0 JavaThread "stderr"                            [_thread_in_native, id=21372, stack(0x000000fdca100000,0x000000fdca200000) (1024K)]
  0x0000028304bb7a80 JavaThread "stdout"                            [_thread_in_native, id=4728, stack(0x000000fdca200000,0x000000fdca300000) (1024K)]
  0x00000282dca67b50 JavaThread "RMI Scheduler(0)"           daemon [_thread_blocked, id=26484, stack(0x000000fdc9900000,0x000000fdc9a00000) (1024K)]
  0x00000282dca68f00 JavaThread "RMI GC Daemon"              daemon [_thread_blocked, id=28840, stack(0x000000fdca300000,0x000000fdca400000) (1024K)]
  0x00000282eb7d2d90 JavaThread "RMI TCP Accept-0"           daemon [_thread_in_native, id=13260, stack(0x000000fdca400000,0x000000fdca500000) (1024K)]
  0x00000282eb7cffa0 JavaThread "RMI Reaper"                        [_thread_blocked, id=18360, stack(0x000000fdca500000,0x000000fdca600000) (1024K)]
  0x00000282d9a0fdb0 JavaThread "Cache worker for Java compile cache (C:\Users\user\.gradle\caches\8.10.2\javaCompile)"        [_thread_blocked, id=30980, stack(0x000000fdbbb00000,0x000000fdbbc00000) (1024K)]
  0x00000282dd1c4da0 JavaThread "Build operations"                  [_thread_blocked, id=18004, stack(0x000000fdbf400000,0x000000fdbf500000) (1024K)]
  0x00000282dd1c6150 JavaThread "Build operations Thread 2"         [_thread_blocked, id=27068, stack(0x000000fdc1c00000,0x000000fdc1d00000) (1024K)]
  0x00000282dd1c67e0 JavaThread "Build operations Thread 3"         [_thread_blocked, id=25868, stack(0x000000fdc8b00000,0x000000fdc8c00000) (1024K)]
  0x00000282dd1c6e70 JavaThread "Build operations Thread 4"         [_thread_blocked, id=15808, stack(0x000000fdc8c00000,0x000000fdc8d00000) (1024K)]
  0x00000282dd1c4080 JavaThread "Build operations Thread 5"         [_thread_blocked, id=27376, stack(0x000000fdc8d00000,0x000000fdc8e00000) (1024K)]
  0x00000282dd1c4710 JavaThread "Build operations Thread 6"         [_thread_blocked, id=11900, stack(0x000000fdc8e00000,0x000000fdc8f00000) (1024K)]
  0x00000282ec813f00 JavaThread "Build operations Thread 7"         [_thread_blocked, id=14780, stack(0x000000fdc8f00000,0x000000fdc9000000) (1024K)]
  0x00000282ec814c20 JavaThread "Build operations Thread 8"         [_thread_blocked, id=20044, stack(0x000000fdc9000000,0x000000fdc9100000) (1024K)]
  0x00000282ec813870 JavaThread "Build operations Thread 9"         [_thread_blocked, id=23536, stack(0x000000fdc9100000,0x000000fdc9200000) (1024K)]
  0x00000282ec8152b0 JavaThread "Build operations Thread 10"        [_thread_blocked, id=10916, stack(0x000000fdc9200000,0x000000fdc9300000) (1024K)]
  0x00000282ec814590 JavaThread "Build operations Thread 11"        [_thread_blocked, id=30468, stack(0x000000fdc9300000,0x000000fdc9400000) (1024K)]
  0x00000283071d5c50 JavaThread "Build operations Thread 12"        [_thread_blocked, id=33000, stack(0x000000fdc9400000,0x000000fdc9500000) (1024K)]
  0x00000283071d6970 JavaThread "Build operations Thread 13"        [_thread_blocked, id=29140, stack(0x000000fdc9500000,0x000000fdc9600000) (1024K)]
  0x00000282ec815940 JavaThread "Build operations Thread 14"        [_thread_blocked, id=22260, stack(0x000000fdc9600000,0x000000fdc9700000) (1024K)]
  0x00000282ec8124c0 JavaThread "Build operations Thread 15"        [_thread_blocked, id=28804, stack(0x000000fdc9700000,0x000000fdc9800000) (1024K)]
  0x00000283124011f0 JavaThread "Build operations Thread 16"        [_thread_blocked, id=3276, stack(0x000000fdca700000,0x000000fdca800000) (1024K)]
  0x0000028312d280f0 JavaThread "WorkerExecutor Queue Thread 18"        [_thread_blocked, id=28776, stack(0x000000fdbde00000,0x000000fdbdf00000) (1024K)]
  0x0000028307aa7f30 JavaThread "C1 CompilerThread1"         daemon [_thread_in_native, id=28432, stack(0x000000fdbb900000,0x000000fdbba00000) (1024K)]
  0x0000028307aa7860 JavaThread "C1 CompilerThread2"         daemon [_thread_in_vm, id=26056, stack(0x000000fdbbc00000,0x000000fdbbd00000) (1024K)]
  0x0000028307aa7190 JavaThread "C1 CompilerThread3"         daemon [_thread_in_native, id=12892, stack(0x000000fdbdb00000,0x000000fdbdc00000) (1024K)]
  0x000002830f0a76c0 JavaThread "RMI TCP Connection(12)-127.0.0.1" daemon [_thread_in_native, id=448, stack(0x000000fdc9800000,0x000000fdc9900000) (1024K)]
  0x000002830693d2c0 JavaThread "WorkerExecutor Queue Thread 19"        [_thread_blocked, id=22956, stack(0x000000fdc9a00000,0x000000fdc9b00000) (1024K)]
  0x000002830cc4dd80 JavaThread "RMI TCP Connection(13)-127.0.0.1" daemon [_thread_in_native, id=18228, stack(0x000000fdcb800000,0x000000fdcb900000) (1024K)]
  0x0000028307708b40 JavaThread "RMI TCP Connection(11)-127.0.0.1" daemon [_thread_in_native, id=18932, stack(0x000000fdcb900000,0x000000fdcba00000) (1024K)]
  0x00000283046b32c0 JavaThread "ForkJoinPool.commonPool-worker-16" daemon [_thread_blocked, id=29708, stack(0x000000fdc2100000,0x000000fdc2200000) (1024K)]
  0x000002830a696b60 JavaThread "ForkJoinPool.commonPool-worker-17" daemon [_thread_blocked, id=19112, stack(0x000000fdc2700000,0x000000fdc2800000) (1024K)]
  0x00000283046b3950 JavaThread "ForkJoinPool.commonPool-worker-18" daemon [_thread_blocked, id=30764, stack(0x000000fdca600000,0x000000fdca700000) (1024K)]
  0x000002830a6971f0 JavaThread "ForkJoinPool.commonPool-worker-19" daemon [_thread_blocked, id=26760, stack(0x000000fdca800000,0x000000fdca900000) (1024K)]
  0x000002830f0a83e0 JavaThread "ForkJoinPool.commonPool-worker-20" daemon [_thread_blocked, id=28228, stack(0x000000fdca900000,0x000000fdcaa00000) (1024K)]
  0x0000028306c53b00 JavaThread "ForkJoinPool.commonPool-worker-21" daemon [_thread_blocked, id=17364, stack(0x000000fdcaa00000,0x000000fdcab00000) (1024K)]
  0x00000283069400b0 JavaThread "ForkJoinPool.commonPool-worker-22" daemon [_thread_blocked, id=21480, stack(0x000000fdcab00000,0x000000fdcac00000) (1024K)]
  0x000002830d038ee0 JavaThread "ForkJoinPool.commonPool-worker-23" daemon [_thread_blocked, id=30028, stack(0x000000fdcac00000,0x000000fdcad00000) (1024K)]
  0x000002830fe1b270 JavaThread "ForkJoinPool.commonPool-worker-24" daemon [_thread_blocked, id=28512, stack(0x000000fdcad00000,0x000000fdcae00000) (1024K)]
  0x00000282d83fcf10 JavaThread "RMI TCP Connection(10)-127.0.0.1" daemon [_thread_in_native, id=29580, stack(0x000000fdcaf00000,0x000000fdcb000000) (1024K)]
  0x000002830d03a290 JavaThread "Exec process"                      [_thread_in_native, id=15332, stack(0x000000fdcb300000,0x000000fdcb400000) (1024K)]
  0x000002830693f390 JavaThread "Exec process Thread 2"             [_thread_in_native, id=26164, stack(0x000000fdcb500000,0x000000fdcb600000) (1024K)]
  0x0000028308273b30 JavaThread "Exec process Thread 3"             [_thread_in_native, id=29760, stack(0x000000fdcb600000,0x000000fdcb700000) (1024K)]
  0x0000028308275570 JavaThread "Exec process Thread 4"             [_thread_in_native, id=22416, stack(0x000000fdcba00000,0x000000fdcbb00000) (1024K)]
  0x00000283086efa60 JavaThread "Periodic tasks thread"      daemon [_thread_blocked, id=28100, stack(0x000000fdcbb00000,0x000000fdcbc00000) (1024K)]
  0x00000283086ef3d0 JavaThread "ApplicationImpl pooled thread 1"        [_thread_blocked, id=19156, stack(0x000000fdcbc00000,0x000000fdcbd00000) (1024K)]
=>0x00000283054b38d0 JavaThread "C2 CompilerThread1"         daemon [_thread_in_native, id=33704, stack(0x000000fdbb700000,0x000000fdbb800000) (1024K)]
  0x000002830eab3690 JavaThread "C2 CompilerThread2"         daemon [_thread_in_native, id=17064, stack(0x000000fdb7f00000,0x000000fdb8000000) (1024K)]
  0x000002830fe1c620 JavaThread "Java2D Disposer"            daemon [_thread_blocked, id=15908, stack(0x000000fdb9700000,0x000000fdb9800000) (1024K)]
  0x000002830fe19ec0 JavaThread "AWT-Windows"                daemon [_thread_in_native, id=17736, stack(0x000000fdbdc00000,0x000000fdbdd00000) (1024K)]
  0x0000028306caacb0 JavaThread "Dispatch org.gradle.api.internal.tasks.testing.results.AttachParentTestResultProcessor@4e3c3c59"        [_thread_blocked, id=20224, stack(0x000000fdcae00000,0x000000fdcaf00000) (1024K)]
  0x000002830417e660 JavaThread "Dispatch org.gradle.api.internal.tasks.testing.processors.RestartEveryNTestClassProcessor@1b6b0481"        [_thread_blocked, id=7724, stack(0x000000fdcb000000,0x000000fdcb100000) (1024K)]
  0x000002830cc4fe50 JavaThread "Incoming local TCP Connector on port 63569"        [_thread_in_native, id=16396, stack(0x000000fdcb100000,0x000000fdcb200000) (1024K)]
  0x000002830e72a700 JavaThread "DisconnectableInputStream source reader" daemon [_thread_blocked, id=7732, stack(0x000000fdcb200000,0x000000fdcb300000) (1024K)]
  0x000002830f29f350 JavaThread "C2 CompilerThread3"         daemon [_thread_in_native, id=19260, stack(0x000000fdcb400000,0x000000fdcb500000) (1024K)]
Total: 293

Other Threads:
  0x000002828fa813b0 VMThread "VM Thread"                           [id=11632, stack(0x000000fdb8800000,0x000000fdb8900000) (1024K)]
  0x000002828fb211f0 WatcherThread "VM Periodic Task Thread"        [id=24908, stack(0x000000fdb8700000,0x000000fdb8800000) (1024K)]
  0x00000282f20f61c0 WorkerThread "GC Thread#0"                     [id=15168, stack(0x000000fdb8200000,0x000000fdb8300000) (1024K)]
  0x00000282d573abf0 WorkerThread "GC Thread#1"                     [id=16392, stack(0x000000fdb9900000,0x000000fdb9a00000) (1024K)]
  0x00000282d573afa0 WorkerThread "GC Thread#2"                     [id=2536, stack(0x000000fdb9a00000,0x000000fdb9b00000) (1024K)]
  0x00000282d549f130 WorkerThread "GC Thread#3"                     [id=2680, stack(0x000000fdb9b00000,0x000000fdb9c00000) (1024K)]
  0x00000282d549f4e0 WorkerThread "GC Thread#4"                     [id=18740, stack(0x000000fdb9c00000,0x000000fdb9d00000) (1024K)]
  0x00000282d5e3af20 WorkerThread "GC Thread#5"                     [id=32776, stack(0x000000fdb9d00000,0x000000fdb9e00000) (1024K)]
  0x00000282d685bb10 WorkerThread "GC Thread#6"                     [id=31848, stack(0x000000fdbab00000,0x000000fdbac00000) (1024K)]
  0x00000282d685bec0 WorkerThread "GC Thread#7"                     [id=28928, stack(0x000000fdbac00000,0x000000fdbad00000) (1024K)]
  0x00000282d815de30 WorkerThread "GC Thread#8"                     [id=25812, stack(0x000000fdbad00000,0x000000fdbae00000) (1024K)]
  0x00000282d815e1e0 WorkerThread "GC Thread#9"                     [id=20112, stack(0x000000fdbae00000,0x000000fdbaf00000) (1024K)]
  0x00000282d815bd00 WorkerThread "GC Thread#10"                    [id=30680, stack(0x000000fdbaf00000,0x000000fdbb000000) (1024K)]
  0x00000282d815e590 WorkerThread "GC Thread#11"                    [id=29328, stack(0x000000fdbb000000,0x000000fdbb100000) (1024K)]
  0x00000282d815d320 WorkerThread "GC Thread#12"                    [id=2456, stack(0x000000fdbb100000,0x000000fdbb200000) (1024K)]
  0x00000282f210b120 ConcurrentGCThread "G1 Main Marker"            [id=33744, stack(0x000000fdb8300000,0x000000fdb8400000) (1024K)]
  0x00000282f210ca60 WorkerThread "G1 Conc#0"                       [id=29936, stack(0x000000fdb8400000,0x000000fdb8500000) (1024K)]
  0x00000282d815f800 WorkerThread "G1 Conc#1"                       [id=33244, stack(0x000000fdbb200000,0x000000fdbb300000) (1024K)]
  0x00000282d815f0a0 WorkerThread "G1 Conc#2"                       [id=20884, stack(0x000000fdbb300000,0x000000fdbb400000) (1024K)]
  0x000002828f9c1230 ConcurrentGCThread "G1 Refine#0"               [id=22508, stack(0x000000fdb8500000,0x000000fdb8600000) (1024K)]
  0x000002828f9c1a60 ConcurrentGCThread "G1 Service"                [id=18796, stack(0x000000fdb8600000,0x000000fdb8700000) (1024K)]
Total: 21

Threads with active compile tasks:
C2 CompilerThread0  241493 76337       4       org.jetbrains.kotlin.name.FqNameUnsafe::pathSegments$collectSegmentsOf (39 bytes)
C1 CompilerThread0  241493 77085       2       org.jetbrains.org.objectweb.asm.Type::getArgumentTypes (94 bytes)
C1 CompilerThread1  241493 77065   !   3       com.intellij.psi.impl.compiled.StubBuildingVisitor::visitMethod (771 bytes)
C1 CompilerThread2  241494 77087       3       com.intellij.psi.impl.compiled.FirstPassData::toTypeInfo (241 bytes)
C1 CompilerThread3  241494 77096       2       org.jetbrains.org.objectweb.asm.Type::getReturnTypeOffset (64 bytes)
C2 CompilerThread1  241494 76729       4       org.objectweb.asm.ClassReader::accept (1419 bytes)
C2 CompilerThread2  241494 76718       4       java.util.TreeSet::addAll (82 bytes)
C2 CompilerThread3  241494 77025       4       com.intellij.codeInsight.BaseExternalAnnotationsManager::hasInvalidAttribute (85 bytes)
Total: 8

VM state: not at safepoint (normal execution)

VM Mutex/Monitor currently owned by a thread:  ([mutex/lock_event])
[0x00007fff6f8f3408] MethodCompileQueue_lock - owner thread: 0x0000028307aa7860
[0x00007fff6f8f4788] CodeCache_lock - owner thread: 0x0000000000000000

Heap address: 0x0000000080000000, size: 2048 MB, Compressed Oops mode: 32-bit

CDS archive(s) mapped at: [0x0000028290000000-0x0000028290d70000-0x0000028290d70000), size 14090240, SharedBaseAddress: 0x0000028290000000, ArchiveRelocationMode: 1.
Compressed class space mapped at: 0x0000028291000000-0x00000282d1000000, reserved size: 1073741824
Narrow klass base: 0x0000028290000000, Narrow klass shift: 0, Narrow klass range: 0x41000000

GC Precious Log:
 CardTable entry size: 512
 Card Set container configuration: InlinePtr #cards 5 size 8 Array Of Cards #cards 10 size 36 Howl #buckets 4 coarsen threshold 1843 Howl Bitmap #cards 512 size 80 coarsen threshold 460 Card regions per heap region 1 cards per card region 2048
 CPUs: 16 total, 16 available
 Memory: 15540M
 Large Page Support: Disabled
 NUMA Support: Disabled
 Compressed Oops: Enabled (32-bit)
 Heap Region Size: 1M
 Heap Min Capacity: 8M
 Heap Initial Capacity: 244M
 Heap Max Capacity: 2G
 Pre-touch: Disabled
 Parallel Workers: 13
 Concurrent Workers: 3
 Concurrent Refinement Workers: 13
 Periodic GC: Disabled

Heap:
 garbage-first heap   total reserved 2097152K, committed 1040384K, used 810159K [0x0000000080000000, 0x0000000100000000)
  region size 1024K, 369 young (377856K), 26 survivors (26624K)
 Metaspace       used 381414K, committed 385088K, reserved 1441792K
  class space    used 48377K, committed 50112K, reserved 1048576K

Heap Regions: E=young(eden), S=young(survivor), O=old, HS=humongous(starts), HC=humongous(continues), CS=collection set, F=free, TAMS=top-at-mark-start, PB=parsable bottom
|   0|0x0000000080000000, 0x0000000080100000, 0x0000000080100000|100%|HS|  |TAMS 0x0000000080000000| PB 0x0000000080000000| Complete |  0
|   1|0x0000000080100000, 0x0000000080200000, 0x0000000080200000|100%|HC|  |TAMS 0x0000000080100000| PB 0x0000000080100000| Complete |  0
|   2|0x0000000080200000, 0x0000000080300000, 0x0000000080300000|100%|HC|  |TAMS 0x0000000080200000| PB 0x0000000080200000| Complete |  0
|   3|0x0000000080300000, 0x0000000080400000, 0x0000000080400000|100%|HC|  |TAMS 0x0000000080300000| PB 0x0000000080300000| Complete |  0
|   4|0x0000000080400000, 0x0000000080500000, 0x0000000080500000|100%| O|  |TAMS 0x0000000080400000| PB 0x0000000080400000| Untracked |  0
|   5|0x0000000080500000, 0x0000000080600000, 0x0000000080600000|100%| O|  |TAMS 0x0000000080500000| PB 0x0000000080500000| Untracked |  0
|   6|0x0000000080600000, 0x0000000080700000, 0x0000000080700000|100%| O|  |TAMS 0x0000000080600000| PB 0x0000000080600000| Untracked |  0
|   7|0x0000000080700000, 0x0000000080800000, 0x0000000080800000|100%| O|  |TAMS 0x0000000080700000| PB 0x0000000080700000| Untracked |  0
|   8|0x0000000080800000, 0x0000000080900000, 0x0000000080900000|100%| O|  |TAMS 0x0000000080800000| PB 0x0000000080800000| Untracked |  0
|   9|0x0000000080900000, 0x0000000080a00000, 0x0000000080a00000|100%| O|  |TAMS 0x0000000080900000| PB 0x0000000080900000| Untracked |  0
|  10|0x0000000080a00000, 0x0000000080b00000, 0x0000000080b00000|100%|HS|  |TAMS 0x0000000080a00000| PB 0x0000000080a00000| Complete |  0
|  11|0x0000000080b00000, 0x0000000080c00000, 0x0000000080c00000|100%| O|  |TAMS 0x0000000080b00000| PB 0x0000000080b00000| Untracked |  0
|  12|0x0000000080c00000, 0x0000000080d00000, 0x0000000080d00000|100%| O|  |TAMS 0x0000000080c00000| PB 0x0000000080c00000| Untracked |  0
|  13|0x0000000080d00000, 0x0000000080e00000, 0x0000000080e00000|100%| O|  |TAMS 0x0000000080d00000| PB 0x0000000080d00000| Untracked |  0
|  14|0x0000000080e00000, 0x0000000080f00000, 0x0000000080f00000|100%| O|  |TAMS 0x0000000080e00000| PB 0x0000000080e00000| Untracked |  0
|  15|0x0000000080f00000, 0x0000000081000000, 0x0000000081000000|100%| O|  |TAMS 0x0000000080f00000| PB 0x0000000080f00000| Untracked |  0
|  16|0x0000000081000000, 0x0000000081100000, 0x0000000081100000|100%| O|  |TAMS 0x0000000081000000| PB 0x0000000081000000| Untracked |  0
|  17|0x0000000081100000, 0x0000000081200000, 0x0000000081200000|100%| O|  |TAMS 0x0000000081100000| PB 0x0000000081100000| Untracked |  0
|  18|0x0000000081200000, 0x0000000081300000, 0x0000000081300000|100%| O|  |TAMS 0x0000000081200000| PB 0x0000000081200000| Untracked |  0
|  19|0x0000000081300000, 0x0000000081400000, 0x0000000081400000|100%| O|  |TAMS 0x0000000081300000| PB 0x0000000081300000| Untracked |  0
|  20|0x0000000081400000, 0x0000000081500000, 0x0000000081500000|100%| O|  |TAMS 0x0000000081400000| PB 0x0000000081400000| Untracked |  0
|  21|0x0000000081500000, 0x0000000081600000, 0x0000000081600000|100%| O|  |TAMS 0x0000000081500000| PB 0x0000000081500000| Untracked |  0
|  22|0x0000000081600000, 0x0000000081700000, 0x0000000081700000|100%| O|  |TAMS 0x0000000081600000| PB 0x0000000081600000| Untracked |  0
|  23|0x0000000081700000, 0x0000000081800000, 0x0000000081800000|100%| O|  |TAMS 0x0000000081700000| PB 0x0000000081700000| Untracked |  0
|  24|0x0000000081800000, 0x0000000081900000, 0x0000000081900000|100%| O|  |TAMS 0x0000000081800000| PB 0x0000000081800000| Untracked |  0
|  25|0x0000000081900000, 0x0000000081a00000, 0x0000000081a00000|100%|HS|  |TAMS 0x0000000081900000| PB 0x0000000081900000| Complete |  0
|  26|0x0000000081a00000, 0x0000000081b00000, 0x0000000081b00000|100%| O|  |TAMS 0x0000000081a00000| PB 0x0000000081a00000| Untracked |  0
|  27|0x0000000081b00000, 0x0000000081c00000, 0x0000000081c00000|100%| O|  |TAMS 0x0000000081b00000| PB 0x0000000081b00000| Untracked |  0
|  28|0x0000000081c00000, 0x0000000081d00000, 0x0000000081d00000|100%| O|  |TAMS 0x0000000081c00000| PB 0x0000000081c00000| Untracked |  0
|  29|0x0000000081d00000, 0x0000000081e00000, 0x0000000081e00000|100%| O|  |TAMS 0x0000000081d00000| PB 0x0000000081d00000| Untracked |  0
|  30|0x0000000081e00000, 0x0000000081f00000, 0x0000000081f00000|100%| O|  |TAMS 0x0000000081e00000| PB 0x0000000081e00000| Untracked |  0
|  31|0x0000000081f00000, 0x0000000082000000, 0x0000000082000000|100%| O|  |TAMS 0x0000000081f00000| PB 0x0000000081f00000| Untracked |  0
|  32|0x0000000082000000, 0x0000000082100000, 0x0000000082100000|100%| O|  |TAMS 0x0000000082000000| PB 0x0000000082000000| Untracked |  0
|  33|0x0000000082100000, 0x0000000082200000, 0x0000000082200000|100%| O|  |TAMS 0x0000000082100000| PB 0x0000000082100000| Untracked |  0
|  34|0x0000000082200000, 0x0000000082300000, 0x0000000082300000|100%| O|  |TAMS 0x0000000082200000| PB 0x0000000082200000| Untracked |  0
|  35|0x0000000082300000, 0x0000000082400000, 0x0000000082400000|100%| O|  |TAMS 0x0000000082300000| PB 0x0000000082300000| Untracked |  0
|  36|0x0000000082400000, 0x0000000082500000, 0x0000000082500000|100%| O|  |TAMS 0x0000000082400000| PB 0x0000000082400000| Untracked |  0
|  37|0x0000000082500000, 0x0000000082600000, 0x0000000082600000|100%| O|  |TAMS 0x0000000082500000| PB 0x0000000082500000| Untracked |  0
|  38|0x0000000082600000, 0x0000000082700000, 0x0000000082700000|100%| O|  |TAMS 0x0000000082600000| PB 0x0000000082600000| Untracked |  0
|  39|0x0000000082700000, 0x0000000082800000, 0x0000000082800000|100%| O|  |TAMS 0x0000000082700000| PB 0x0000000082700000| Untracked |  0
|  40|0x0000000082800000, 0x0000000082900000, 0x0000000082900000|100%| O|  |TAMS 0x0000000082800000| PB 0x0000000082800000| Untracked |  0
|  41|0x0000000082900000, 0x0000000082a00000, 0x0000000082a00000|100%| O|  |TAMS 0x0000000082900000| PB 0x0000000082900000| Untracked |  0
|  42|0x0000000082a00000, 0x0000000082b00000, 0x0000000082b00000|100%| O|  |TAMS 0x0000000082a00000| PB 0x0000000082a00000| Untracked |  0
|  43|0x0000000082b00000, 0x0000000082c00000, 0x0000000082c00000|100%| O|  |TAMS 0x0000000082b00000| PB 0x0000000082b00000| Untracked |  0
|  44|0x0000000082c00000, 0x0000000082d00000, 0x0000000082d00000|100%| O|  |TAMS 0x0000000082c00000| PB 0x0000000082c00000| Untracked |  0
|  45|0x0000000082d00000, 0x0000000082e00000, 0x0000000082e00000|100%| O|  |TAMS 0x0000000082d00000| PB 0x0000000082d00000| Untracked |  0
|  46|0x0000000082e00000, 0x0000000082f00000, 0x0000000082f00000|100%| O|  |TAMS 0x0000000082e00000| PB 0x0000000082e00000| Untracked |  0
|  47|0x0000000082f00000, 0x0000000083000000, 0x0000000083000000|100%| O|  |TAMS 0x0000000082f00000| PB 0x0000000082f00000| Untracked |  0
|  48|0x0000000083000000, 0x0000000083100000, 0x0000000083100000|100%| O|  |TAMS 0x0000000083000000| PB 0x0000000083000000| Untracked |  0
|  49|0x0000000083100000, 0x0000000083200000, 0x0000000083200000|100%| O|  |TAMS 0x0000000083100000| PB 0x0000000083100000| Untracked |  0
|  50|0x0000000083200000, 0x0000000083300000, 0x0000000083300000|100%| O|  |TAMS 0x0000000083200000| PB 0x0000000083200000| Untracked |  0
|  51|0x0000000083300000, 0x0000000083400000, 0x0000000083400000|100%| O|  |TAMS 0x0000000083300000| PB 0x0000000083300000| Untracked |  0
|  52|0x0000000083400000, 0x0000000083500000, 0x0000000083500000|100%| O|  |TAMS 0x0000000083400000| PB 0x0000000083400000| Untracked |  0
|  53|0x0000000083500000, 0x0000000083600000, 0x0000000083600000|100%| O|  |TAMS 0x0000000083500000| PB 0x0000000083500000| Untracked |  0
|  54|0x0000000083600000, 0x0000000083700000, 0x0000000083700000|100%| O|  |TAMS 0x0000000083600000| PB 0x0000000083600000| Untracked |  0
|  55|0x0000000083700000, 0x0000000083800000, 0x0000000083800000|100%|HS|  |TAMS 0x0000000083700000| PB 0x0000000083700000| Complete |  0
|  56|0x0000000083800000, 0x0000000083900000, 0x0000000083900000|100%|HS|  |TAMS 0x0000000083800000| PB 0x0000000083800000| Complete |  0
|  57|0x0000000083900000, 0x0000000083a00000, 0x0000000083a00000|100%| O|  |TAMS 0x0000000083900000| PB 0x0000000083900000| Untracked |  0
|  58|0x0000000083a00000, 0x0000000083b00000, 0x0000000083b00000|100%|HS|  |TAMS 0x0000000083a00000| PB 0x0000000083a00000| Complete |  0
|  59|0x0000000083b00000, 0x0000000083c00000, 0x0000000083c00000|100%| O|  |TAMS 0x0000000083b00000| PB 0x0000000083b00000| Untracked |  0
|  60|0x0000000083c00000, 0x0000000083d00000, 0x0000000083d00000|100%| O|  |TAMS 0x0000000083c00000| PB 0x0000000083c00000| Untracked |  0
|  61|0x0000000083d00000, 0x0000000083e00000, 0x0000000083e00000|100%| O|  |TAMS 0x0000000083d00000| PB 0x0000000083d00000| Untracked |  0
|  62|0x0000000083e00000, 0x0000000083f00000, 0x0000000083f00000|100%| O|  |TAMS 0x0000000083e00000| PB 0x0000000083e00000| Untracked |  0
|  63|0x0000000083f00000, 0x0000000084000000, 0x0000000084000000|100%| O|  |TAMS 0x0000000083f00000| PB 0x0000000083f00000| Untracked |  0
|  64|0x0000000084000000, 0x0000000084100000, 0x0000000084100000|100%| O|  |TAMS 0x0000000084000000| PB 0x0000000084000000| Untracked |  0
|  65|0x0000000084100000, 0x0000000084200000, 0x0000000084200000|100%| O|  |TAMS 0x0000000084100000| PB 0x0000000084100000| Untracked |  0
|  66|0x0000000084200000, 0x0000000084300000, 0x0000000084300000|100%| O|  |TAMS 0x0000000084200000| PB 0x0000000084200000| Untracked |  0
|  67|0x0000000084300000, 0x0000000084400000, 0x0000000084400000|100%| O|  |TAMS 0x0000000084300000| PB 0x0000000084300000| Untracked |  0
|  68|0x0000000084400000, 0x0000000084500000, 0x0000000084500000|100%| O|  |TAMS 0x0000000084400000| PB 0x0000000084400000| Untracked |  0
|  69|0x0000000084500000, 0x0000000084600000, 0x0000000084600000|100%| O|  |TAMS 0x0000000084500000| PB 0x0000000084500000| Untracked |  0
|  70|0x0000000084600000, 0x0000000084700000, 0x0000000084700000|100%| O|  |TAMS 0x0000000084600000| PB 0x0000000084600000| Untracked |  0
|  71|0x0000000084700000, 0x0000000084800000, 0x0000000084800000|100%|HS|  |TAMS 0x0000000084700000| PB 0x0000000084700000| Complete |  0
|  72|0x0000000084800000, 0x0000000084900000, 0x0000000084900000|100%| O|  |TAMS 0x0000000084800000| PB 0x0000000084800000| Untracked |  0
|  73|0x0000000084900000, 0x0000000084a00000, 0x0000000084a00000|100%|HS|  |TAMS 0x0000000084900000| PB 0x0000000084900000| Complete |  0
|  74|0x0000000084a00000, 0x0000000084b00000, 0x0000000084b00000|100%| O|  |TAMS 0x0000000084a00000| PB 0x0000000084a00000| Untracked |  0
|  75|0x0000000084b00000, 0x0000000084c00000, 0x0000000084c00000|100%| O|  |TAMS 0x0000000084b00000| PB 0x0000000084b00000| Untracked |  0
|  76|0x0000000084c00000, 0x0000000084d00000, 0x0000000084d00000|100%| O|  |TAMS 0x0000000084c00000| PB 0x0000000084c00000| Untracked |  0
|  77|0x0000000084d00000, 0x0000000084e00000, 0x0000000084e00000|100%|HS|  |TAMS 0x0000000084d00000| PB 0x0000000084d00000| Complete |  0
|  78|0x0000000084e00000, 0x0000000084f00000, 0x0000000084f00000|100%|HC|  |TAMS 0x0000000084e00000| PB 0x0000000084e00000| Complete |  0
|  79|0x0000000084f00000, 0x0000000085000000, 0x0000000085000000|100%|HS|  |TAMS 0x0000000084f00000| PB 0x0000000084f00000| Complete |  0
|  80|0x0000000085000000, 0x0000000085100000, 0x0000000085100000|100%| O|  |TAMS 0x0000000085000000| PB 0x0000000085000000| Untracked |  0
|  81|0x0000000085100000, 0x0000000085200000, 0x0000000085200000|100%| O|  |TAMS 0x0000000085100000| PB 0x0000000085100000| Untracked |  0
|  82|0x0000000085200000, 0x0000000085300000, 0x0000000085300000|100%| O|  |TAMS 0x0000000085200000| PB 0x0000000085200000| Untracked |  0
|  83|0x0000000085300000, 0x0000000085400000, 0x0000000085400000|100%| O|  |TAMS 0x0000000085300000| PB 0x0000000085300000| Untracked |  0
|  84|0x0000000085400000, 0x0000000085500000, 0x0000000085500000|100%|HS|  |TAMS 0x0000000085400000| PB 0x0000000085400000| Complete |  0
|  85|0x0000000085500000, 0x0000000085600000, 0x0000000085600000|100%|HC|  |TAMS 0x0000000085500000| PB 0x0000000085500000| Complete |  0
|  86|0x0000000085600000, 0x0000000085700000, 0x0000000085700000|100%|HC|  |TAMS 0x0000000085600000| PB 0x0000000085600000| Complete |  0
|  87|0x0000000085700000, 0x0000000085800000, 0x0000000085800000|100%| O|  |TAMS 0x0000000085700000| PB 0x0000000085700000| Untracked |  0
|  88|0x0000000085800000, 0x0000000085900000, 0x0000000085900000|100%| O|  |TAMS 0x0000000085800000| PB 0x0000000085800000| Untracked |  0
|  89|0x0000000085900000, 0x0000000085a00000, 0x0000000085a00000|100%| O|Cm|TAMS 0x0000000085900000| PB 0x0000000085900000| Complete |  0
|  90|0x0000000085a00000, 0x0000000085b00000, 0x0000000085b00000|100%| O|  |TAMS 0x0000000085a00000| PB 0x0000000085a00000| Untracked |  0
|  91|0x0000000085b00000, 0x0000000085c00000, 0x0000000085c00000|100%| O|  |TAMS 0x0000000085b00000| PB 0x0000000085b00000| Untracked |  0
|  92|0x0000000085c00000, 0x0000000085d00000, 0x0000000085d00000|100%| O|  |TAMS 0x0000000085c00000| PB 0x0000000085c00000| Untracked |  0
|  93|0x0000000085d00000, 0x0000000085e00000, 0x0000000085e00000|100%| O|  |TAMS 0x0000000085d00000| PB 0x0000000085d00000| Untracked |  0
|  94|0x0000000085e00000, 0x0000000085f00000, 0x0000000085f00000|100%| O|  |TAMS 0x0000000085e00000| PB 0x0000000085e00000| Untracked |  0
|  95|0x0000000085f00000, 0x0000000086000000, 0x0000000086000000|100%| O|  |TAMS 0x0000000085f00000| PB 0x0000000085f00000| Untracked |  0
|  96|0x0000000086000000, 0x0000000086100000, 0x0000000086100000|100%| O|  |TAMS 0x0000000086000000| PB 0x0000000086000000| Untracked |  0
|  97|0x0000000086100000, 0x0000000086200000, 0x0000000086200000|100%| O|  |TAMS 0x0000000086100000| PB 0x0000000086100000| Untracked |  0
|  98|0x0000000086200000, 0x0000000086300000, 0x0000000086300000|100%| O|  |TAMS 0x0000000086200000| PB 0x0000000086200000| Untracked |  0
|  99|0x0000000086300000, 0x0000000086400000, 0x0000000086400000|100%|HS|  |TAMS 0x0000000086300000| PB 0x0000000086300000| Complete |  0
| 100|0x0000000086400000, 0x0000000086500000, 0x0000000086500000|100%| O|  |TAMS 0x0000000086400000| PB 0x0000000086400000| Untracked |  0
| 101|0x0000000086500000, 0x0000000086600000, 0x0000000086600000|100%| O|  |TAMS 0x0000000086500000| PB 0x0000000086500000| Untracked |  0
| 102|0x0000000086600000, 0x0000000086700000, 0x0000000086700000|100%| O|  |TAMS 0x0000000086600000| PB 0x0000000086600000| Untracked |  0
| 103|0x0000000086700000, 0x0000000086800000, 0x0000000086800000|100%|HS|  |TAMS 0x0000000086700000| PB 0x0000000086700000| Complete |  0
| 104|0x0000000086800000, 0x0000000086900000, 0x0000000086900000|100%|HC|  |TAMS 0x0000000086800000| PB 0x0000000086800000| Complete |  0
| 105|0x0000000086900000, 0x0000000086a00000, 0x0000000086a00000|100%|HS|  |TAMS 0x0000000086900000| PB 0x0000000086900000| Complete |  0
| 106|0x0000000086a00000, 0x0000000086b00000, 0x0000000086b00000|100%|HC|  |TAMS 0x0000000086a00000| PB 0x0000000086a00000| Complete |  0
| 107|0x0000000086b00000, 0x0000000086c00000, 0x0000000086c00000|100%|HC|  |TAMS 0x0000000086b00000| PB 0x0000000086b00000| Complete |  0
| 108|0x0000000086c00000, 0x0000000086d00000, 0x0000000086d00000|100%| O|  |TAMS 0x0000000086c00000| PB 0x0000000086c00000| Untracked |  0
| 109|0x0000000086d00000, 0x0000000086e00000, 0x0000000086e00000|100%| O|  |TAMS 0x0000000086d00000| PB 0x0000000086d00000| Untracked |  0
| 110|0x0000000086e00000, 0x0000000086f00000, 0x0000000086f00000|100%| O|  |TAMS 0x0000000086e00000| PB 0x0000000086e00000| Untracked |  0
| 111|0x0000000086f00000, 0x0000000087000000, 0x0000000087000000|100%| O|  |TAMS 0x0000000086f00000| PB 0x0000000086f00000| Untracked |  0
| 112|0x0000000087000000, 0x0000000087100000, 0x0000000087100000|100%| O|  |TAMS 0x0000000087000000| PB 0x0000000087000000| Untracked |  0
| 113|0x0000000087100000, 0x00000000871ec460, 0x0000000087200000| 92%| O|  |TAMS 0x0000000087100000| PB 0x0000000087100000| Untracked |  0
| 114|0x0000000087200000, 0x0000000087300000, 0x0000000087300000|100%| O|  |TAMS 0x0000000087200000| PB 0x0000000087200000| Untracked |  0
| 115|0x0000000087300000, 0x0000000087400000, 0x0000000087400000|100%| O|  |TAMS 0x0000000087300000| PB 0x0000000087300000| Untracked |  0
| 116|0x0000000087400000, 0x0000000087500000, 0x0000000087500000|100%| O|  |TAMS 0x0000000087400000| PB 0x0000000087400000| Untracked |  0
| 117|0x0000000087500000, 0x0000000087600000, 0x0000000087600000|100%| O|  |TAMS 0x0000000087500000| PB 0x0000000087500000| Untracked |  0
| 118|0x0000000087600000, 0x0000000087700000, 0x0000000087700000|100%| O|  |TAMS 0x0000000087600000| PB 0x0000000087600000| Untracked |  0
| 119|0x0000000087700000, 0x0000000087800000, 0x0000000087800000|100%| O|  |TAMS 0x0000000087700000| PB 0x0000000087700000| Untracked |  0
| 120|0x0000000087800000, 0x0000000087900000, 0x0000000087900000|100%| O|  |TAMS 0x0000000087800000| PB 0x0000000087800000| Untracked |  0
| 121|0x0000000087900000, 0x0000000087a00000, 0x0000000087a00000|100%| O|  |TAMS 0x0000000087900000| PB 0x0000000087900000| Untracked |  0
| 122|0x0000000087a00000, 0x0000000087b00000, 0x0000000087b00000|100%| O|  |TAMS 0x0000000087a00000| PB 0x0000000087a00000| Untracked |  0
| 123|0x0000000087b00000, 0x0000000087c00000, 0x0000000087c00000|100%| O|Cm|TAMS 0x0000000087b00000| PB 0x0000000087b00000| Complete |  0
| 124|0x0000000087c00000, 0x0000000087d00000, 0x0000000087d00000|100%| O|  |TAMS 0x0000000087c00000| PB 0x0000000087c00000| Untracked |  0
| 125|0x0000000087d00000, 0x0000000087e00000, 0x0000000087e00000|100%| O|  |TAMS 0x0000000087d00000| PB 0x0000000087d00000| Untracked |  0
| 126|0x0000000087e00000, 0x0000000087f00000, 0x0000000087f00000|100%| O|  |TAMS 0x0000000087e00000| PB 0x0000000087e00000| Untracked |  0
| 127|0x0000000087f00000, 0x0000000088000000, 0x0000000088000000|100%| O|  |TAMS 0x0000000087f00000| PB 0x0000000087f00000| Untracked |  0
| 128|0x0000000088000000, 0x0000000088100000, 0x0000000088100000|100%| O|  |TAMS 0x0000000088000000| PB 0x0000000088000000| Untracked |  0
| 129|0x0000000088100000, 0x0000000088200000, 0x0000000088200000|100%| O|  |TAMS 0x0000000088100000| PB 0x0000000088100000| Untracked |  0
| 130|0x0000000088200000, 0x0000000088300000, 0x0000000088300000|100%| O|  |TAMS 0x0000000088200000| PB 0x0000000088200000| Untracked |  0
| 131|0x0000000088300000, 0x0000000088400000, 0x0000000088400000|100%| O|  |TAMS 0x0000000088300000| PB 0x0000000088300000| Untracked |  0
| 132|0x0000000088400000, 0x0000000088500000, 0x0000000088500000|100%| O|  |TAMS 0x0000000088400000| PB 0x0000000088400000| Untracked |  0
| 133|0x0000000088500000, 0x0000000088600000, 0x0000000088600000|100%| O|  |TAMS 0x0000000088500000| PB 0x0000000088500000| Untracked |  0
| 134|0x0000000088600000, 0x0000000088700000, 0x0000000088700000|100%| O|  |TAMS 0x0000000088600000| PB 0x0000000088600000| Untracked |  0
| 135|0x0000000088700000, 0x0000000088800000, 0x0000000088800000|100%|HS|  |TAMS 0x0000000088700000| PB 0x0000000088700000| Complete |  0
| 136|0x0000000088800000, 0x0000000088900000, 0x0000000088900000|100%|HC|  |TAMS 0x0000000088800000| PB 0x0000000088800000| Complete |  0
| 137|0x0000000088900000, 0x0000000088a00000, 0x0000000088a00000|100%| O|  |TAMS 0x0000000088900000| PB 0x0000000088900000| Untracked |  0
| 138|0x0000000088a00000, 0x0000000088b00000, 0x0000000088b00000|100%| O|  |TAMS 0x0000000088a00000| PB 0x0000000088a00000| Untracked |  0
| 139|0x0000000088b00000, 0x0000000088c00000, 0x0000000088c00000|100%| O|  |TAMS 0x0000000088b00000| PB 0x0000000088b00000| Untracked |  0
| 140|0x0000000088c00000, 0x0000000088d00000, 0x0000000088d00000|100%| O|  |TAMS 0x0000000088c00000| PB 0x0000000088c00000| Untracked |  0
| 141|0x0000000088d00000, 0x0000000088e00000, 0x0000000088e00000|100%| O|  |TAMS 0x0000000088d00000| PB 0x0000000088d00000| Untracked |  0
| 142|0x0000000088e00000, 0x0000000088f00000, 0x0000000088f00000|100%| O|  |TAMS 0x0000000088e00000| PB 0x0000000088e00000| Untracked |  0
| 143|0x0000000088f00000, 0x0000000089000000, 0x0000000089000000|100%| O|  |TAMS 0x0000000088f00000| PB 0x0000000088f00000| Untracked |  0
| 144|0x0000000089000000, 0x0000000089100000, 0x0000000089100000|100%| O|  |TAMS 0x0000000089000000| PB 0x0000000089000000| Untracked |  0
| 145|0x0000000089100000, 0x0000000089200000, 0x0000000089200000|100%| O|  |TAMS 0x0000000089100000| PB 0x0000000089100000| Untracked |  0
| 146|0x0000000089200000, 0x0000000089300000, 0x0000000089300000|100%| O|  |TAMS 0x0000000089200000| PB 0x0000000089200000| Untracked |  0
| 147|0x0000000089300000, 0x0000000089400000, 0x0000000089400000|100%| O|  |TAMS 0x0000000089300000| PB 0x0000000089300000| Untracked |  0
| 148|0x0000000089400000, 0x0000000089500000, 0x0000000089500000|100%| O|  |TAMS 0x0000000089400000| PB 0x0000000089400000| Untracked |  0
| 149|0x0000000089500000, 0x0000000089600000, 0x0000000089600000|100%| O|  |TAMS 0x0000000089500000| PB 0x0000000089500000| Untracked |  0
| 150|0x0000000089600000, 0x0000000089700000, 0x0000000089700000|100%| O|  |TAMS 0x0000000089600000| PB 0x0000000089600000| Untracked |  0
| 151|0x0000000089700000, 0x0000000089800000, 0x0000000089800000|100%| O|  |TAMS 0x0000000089700000| PB 0x0000000089700000| Untracked |  0
| 152|0x0000000089800000, 0x0000000089900000, 0x0000000089900000|100%| O|  |TAMS 0x0000000089800000| PB 0x0000000089800000| Untracked |  0
| 153|0x0000000089900000, 0x0000000089a00000, 0x0000000089a00000|100%| O|  |TAMS 0x0000000089900000| PB 0x0000000089900000| Untracked |  0
| 154|0x0000000089a00000, 0x0000000089b00000, 0x0000000089b00000|100%| O|  |TAMS 0x0000000089a00000| PB 0x0000000089a00000| Untracked |  0
| 155|0x0000000089b00000, 0x0000000089c00000, 0x0000000089c00000|100%| O|  |TAMS 0x0000000089b00000| PB 0x0000000089b00000| Untracked |  0
| 156|0x0000000089c00000, 0x0000000089d00000, 0x0000000089d00000|100%| O|  |TAMS 0x0000000089c00000| PB 0x0000000089c00000| Untracked |  0
| 157|0x0000000089d00000, 0x0000000089e00000, 0x0000000089e00000|100%| O|  |TAMS 0x0000000089d00000| PB 0x0000000089d00000| Untracked |  0
| 158|0x0000000089e00000, 0x0000000089f00000, 0x0000000089f00000|100%| O|  |TAMS 0x0000000089e00000| PB 0x0000000089e00000| Untracked |  0
| 159|0x0000000089f00000, 0x000000008a000000, 0x000000008a000000|100%| O|  |TAMS 0x0000000089f00000| PB 0x0000000089f00000| Untracked |  0
| 160|0x000000008a000000, 0x000000008a100000, 0x000000008a100000|100%| O|Cm|TAMS 0x000000008a000000| PB 0x000000008a000000| Complete |  0
| 161|0x000000008a100000, 0x000000008a200000, 0x000000008a200000|100%| O|  |TAMS 0x000000008a100000| PB 0x000000008a100000| Untracked |  0
| 162|0x000000008a200000, 0x000000008a300000, 0x000000008a300000|100%| O|  |TAMS 0x000000008a200000| PB 0x000000008a200000| Untracked |  0
| 163|0x000000008a300000, 0x000000008a400000, 0x000000008a400000|100%| O|  |TAMS 0x000000008a300000| PB 0x000000008a300000| Untracked |  0
| 164|0x000000008a400000, 0x000000008a500000, 0x000000008a500000|100%| O|Cm|TAMS 0x000000008a400000| PB 0x000000008a400000| Complete |  0
| 165|0x000000008a500000, 0x000000008a600000, 0x000000008a600000|100%| O|  |TAMS 0x000000008a500000| PB 0x000000008a500000| Untracked |  0
| 166|0x000000008a600000, 0x000000008a700000, 0x000000008a700000|100%| O|  |TAMS 0x000000008a600000| PB 0x000000008a600000| Untracked |  0
| 167|0x000000008a700000, 0x000000008a800000, 0x000000008a800000|100%| O|Cm|TAMS 0x000000008a700000| PB 0x000000008a700000| Complete |  0
| 168|0x000000008a800000, 0x000000008a900000, 0x000000008a900000|100%| O|  |TAMS 0x000000008a800000| PB 0x000000008a800000| Untracked |  0
| 169|0x000000008a900000, 0x000000008aa00000, 0x000000008aa00000|100%| O|  |TAMS 0x000000008a900000| PB 0x000000008a900000| Untracked |  0
| 170|0x000000008aa00000, 0x000000008ab00000, 0x000000008ab00000|100%| O|  |TAMS 0x000000008aa00000| PB 0x000000008aa00000| Untracked |  0
| 171|0x000000008ab00000, 0x000000008ac00000, 0x000000008ac00000|100%| O|  |TAMS 0x000000008ab00000| PB 0x000000008ab00000| Untracked |  0
| 172|0x000000008ac00000, 0x000000008ad00000, 0x000000008ad00000|100%| O|  |TAMS 0x000000008ac00000| PB 0x000000008ac00000| Untracked |  0
| 173|0x000000008ad00000, 0x000000008ae00000, 0x000000008ae00000|100%| O|  |TAMS 0x000000008ad00000| PB 0x000000008ad00000| Untracked |  0
| 174|0x000000008ae00000, 0x000000008af00000, 0x000000008af00000|100%| O|  |TAMS 0x000000008ae00000| PB 0x000000008ae00000| Untracked |  0
| 175|0x000000008af00000, 0x000000008b000000, 0x000000008b000000|100%| O|  |TAMS 0x000000008af00000| PB 0x000000008af00000| Untracked |  0
| 176|0x000000008b000000, 0x000000008b100000, 0x000000008b100000|100%| O|  |TAMS 0x000000008b000000| PB 0x000000008b000000| Untracked |  0
| 177|0x000000008b100000, 0x000000008b200000, 0x000000008b200000|100%| O|  |TAMS 0x000000008b100000| PB 0x000000008b100000| Untracked |  0
| 178|0x000000008b200000, 0x000000008b300000, 0x000000008b300000|100%| O|  |TAMS 0x000000008b200000| PB 0x000000008b200000| Untracked |  0
| 179|0x000000008b300000, 0x000000008b400000, 0x000000008b400000|100%| O|  |TAMS 0x000000008b300000| PB 0x000000008b300000| Untracked |  0
| 180|0x000000008b400000, 0x000000008b500000, 0x000000008b500000|100%| O|  |TAMS 0x000000008b400000| PB 0x000000008b400000| Untracked |  0
| 181|0x000000008b500000, 0x000000008b600000, 0x000000008b600000|100%| O|  |TAMS 0x000000008b500000| PB 0x000000008b500000| Untracked |  0
| 182|0x000000008b600000, 0x000000008b700000, 0x000000008b700000|100%| O|  |TAMS 0x000000008b600000| PB 0x000000008b600000| Untracked |  0
| 183|0x000000008b700000, 0x000000008b800000, 0x000000008b800000|100%| O|  |TAMS 0x000000008b700000| PB 0x000000008b700000| Untracked |  0
| 184|0x000000008b800000, 0x000000008b900000, 0x000000008b900000|100%|HS|  |TAMS 0x000000008b800000| PB 0x000000008b800000| Complete |  0
| 185|0x000000008b900000, 0x000000008ba00000, 0x000000008ba00000|100%|HC|  |TAMS 0x000000008b900000| PB 0x000000008b900000| Complete |  0
| 186|0x000000008ba00000, 0x000000008bb00000, 0x000000008bb00000|100%|HC|  |TAMS 0x000000008ba00000| PB 0x000000008ba00000| Complete |  0
| 187|0x000000008bb00000, 0x000000008bc00000, 0x000000008bc00000|100%| O|Cm|TAMS 0x000000008bb00000| PB 0x000000008bb00000| Complete |  0
| 188|0x000000008bc00000, 0x000000008bd00000, 0x000000008bd00000|100%| O|  |TAMS 0x000000008bc00000| PB 0x000000008bc00000| Untracked |  0
| 189|0x000000008bd00000, 0x000000008be00000, 0x000000008be00000|100%| O|  |TAMS 0x000000008bd00000| PB 0x000000008bd00000| Untracked |  0
| 190|0x000000008be00000, 0x000000008bf00000, 0x000000008bf00000|100%| O|Cm|TAMS 0x000000008be00000| PB 0x000000008be00000| Complete |  0
| 191|0x000000008bf00000, 0x000000008c000000, 0x000000008c000000|100%| O|  |TAMS 0x000000008bf00000| PB 0x000000008bf00000| Untracked |  0
| 192|0x000000008c000000, 0x000000008c100000, 0x000000008c100000|100%| O|  |TAMS 0x000000008c000000| PB 0x000000008c000000| Untracked |  0
| 193|0x000000008c100000, 0x000000008c200000, 0x000000008c200000|100%| O|  |TAMS 0x000000008c100000| PB 0x000000008c100000| Untracked |  0
| 194|0x000000008c200000, 0x000000008c300000, 0x000000008c300000|100%| O|  |TAMS 0x000000008c200000| PB 0x000000008c200000| Untracked |  0
| 195|0x000000008c300000, 0x000000008c400000, 0x000000008c400000|100%|HS|  |TAMS 0x000000008c300000| PB 0x000000008c300000| Complete |  0
| 196|0x000000008c400000, 0x000000008c500000, 0x000000008c500000|100%| O|Cm|TAMS 0x000000008c400000| PB 0x000000008c400000| Complete |  0
| 197|0x000000008c500000, 0x000000008c600000, 0x000000008c600000|100%| O|  |TAMS 0x000000008c500000| PB 0x000000008c500000| Untracked |  0
| 198|0x000000008c600000, 0x000000008c700000, 0x000000008c700000|100%| O|  |TAMS 0x000000008c600000| PB 0x000000008c600000| Untracked |  0
| 199|0x000000008c700000, 0x000000008c800000, 0x000000008c800000|100%| O|  |TAMS 0x000000008c700000| PB 0x000000008c700000| Untracked |  0
| 200|0x000000008c800000, 0x000000008c900000, 0x000000008c900000|100%|HS|  |TAMS 0x000000008c800000| PB 0x000000008c800000| Complete |  0
| 201|0x000000008c900000, 0x000000008ca00000, 0x000000008ca00000|100%|HC|  |TAMS 0x000000008c900000| PB 0x000000008c900000| Complete |  0
| 202|0x000000008ca00000, 0x000000008cb00000, 0x000000008cb00000|100%|HC|  |TAMS 0x000000008ca00000| PB 0x000000008ca00000| Complete |  0
| 203|0x000000008cb00000, 0x000000008cc00000, 0x000000008cc00000|100%| O|  |TAMS 0x000000008cb00000| PB 0x000000008cb00000| Untracked |  0
| 204|0x000000008cc00000, 0x000000008cd00000, 0x000000008cd00000|100%| O|  |TAMS 0x000000008cc00000| PB 0x000000008cc00000| Untracked |  0
| 205|0x000000008cd00000, 0x000000008ce00000, 0x000000008ce00000|100%| O|  |TAMS 0x000000008cd00000| PB 0x000000008cd00000| Untracked |  0
| 206|0x000000008ce00000, 0x000000008cf00000, 0x000000008cf00000|100%| O|  |TAMS 0x000000008ce00000| PB 0x000000008ce00000| Untracked |  0
| 207|0x000000008cf00000, 0x000000008d000000, 0x000000008d000000|100%| O|  |TAMS 0x000000008cf00000| PB 0x000000008cf00000| Untracked |  0
| 208|0x000000008d000000, 0x000000008d100000, 0x000000008d100000|100%| O|  |TAMS 0x000000008d000000| PB 0x000000008d000000| Untracked |  0
| 209|0x000000008d100000, 0x000000008d200000, 0x000000008d200000|100%| O|  |TAMS 0x000000008d100000| PB 0x000000008d100000| Untracked |  0
| 210|0x000000008d200000, 0x000000008d300000, 0x000000008d300000|100%| O|  |TAMS 0x000000008d200000| PB 0x000000008d200000| Untracked |  0
| 211|0x000000008d300000, 0x000000008d400000, 0x000000008d400000|100%| O|  |TAMS 0x000000008d300000| PB 0x000000008d300000| Untracked |  0
| 212|0x000000008d400000, 0x000000008d500000, 0x000000008d500000|100%| O|  |TAMS 0x000000008d400000| PB 0x000000008d400000| Untracked |  0
| 213|0x000000008d500000, 0x000000008d600000, 0x000000008d600000|100%| O|  |TAMS 0x000000008d500000| PB 0x000000008d500000| Untracked |  0
| 214|0x000000008d600000, 0x000000008d700000, 0x000000008d700000|100%| O|  |TAMS 0x000000008d600000| PB 0x000000008d600000| Untracked |  0
| 215|0x000000008d700000, 0x000000008d800000, 0x000000008d800000|100%| O|  |TAMS 0x000000008d700000| PB 0x000000008d700000| Untracked |  0
| 216|0x000000008d800000, 0x000000008d900000, 0x000000008d900000|100%| O|  |TAMS 0x000000008d800000| PB 0x000000008d800000| Untracked |  0
| 217|0x000000008d900000, 0x000000008da00000, 0x000000008da00000|100%| O|  |TAMS 0x000000008d900000| PB 0x000000008d900000| Untracked |  0
| 218|0x000000008da00000, 0x000000008db00000, 0x000000008db00000|100%| O|  |TAMS 0x000000008da00000| PB 0x000000008da00000| Untracked |  0
| 219|0x000000008db00000, 0x000000008dc00000, 0x000000008dc00000|100%| O|  |TAMS 0x000000008db00000| PB 0x000000008db00000| Untracked |  0
| 220|0x000000008dc00000, 0x000000008dd00000, 0x000000008dd00000|100%| O|  |TAMS 0x000000008dc00000| PB 0x000000008dc00000| Untracked |  0
| 221|0x000000008dd00000, 0x000000008de00000, 0x000000008de00000|100%| O|  |TAMS 0x000000008dd00000| PB 0x000000008dd00000| Untracked |  0
| 222|0x000000008de00000, 0x000000008df00000, 0x000000008df00000|100%| O|Cm|TAMS 0x000000008de00000| PB 0x000000008de00000| Complete |  0
| 223|0x000000008df00000, 0x000000008e000000, 0x000000008e000000|100%| O|  |TAMS 0x000000008df00000| PB 0x000000008df00000| Untracked |  0
| 224|0x000000008e000000, 0x000000008e100000, 0x000000008e100000|100%| O|  |TAMS 0x000000008e000000| PB 0x000000008e000000| Untracked |  0
| 225|0x000000008e100000, 0x000000008e200000, 0x000000008e200000|100%| O|  |TAMS 0x000000008e100000| PB 0x000000008e100000| Untracked |  0
| 226|0x000000008e200000, 0x000000008e300000, 0x000000008e300000|100%| O|  |TAMS 0x000000008e200000| PB 0x000000008e200000| Untracked |  0
| 227|0x000000008e300000, 0x000000008e400000, 0x000000008e400000|100%| O|  |TAMS 0x000000008e300000| PB 0x000000008e300000| Untracked |  0
| 228|0x000000008e400000, 0x000000008e500000, 0x000000008e500000|100%| O|  |TAMS 0x000000008e400000| PB 0x000000008e400000| Untracked |  0
| 229|0x000000008e500000, 0x000000008e600000, 0x000000008e600000|100%| O|  |TAMS 0x000000008e500000| PB 0x000000008e500000| Untracked |  0
| 230|0x000000008e600000, 0x000000008e700000, 0x000000008e700000|100%| O|  |TAMS 0x000000008e600000| PB 0x000000008e600000| Untracked |  0
| 231|0x000000008e700000, 0x000000008e800000, 0x000000008e800000|100%| O|  |TAMS 0x000000008e700000| PB 0x000000008e700000| Untracked |  0
| 232|0x000000008e800000, 0x000000008e900000, 0x000000008e900000|100%| O|  |TAMS 0x000000008e800000| PB 0x000000008e800000| Untracked |  0
| 233|0x000000008e900000, 0x000000008ea00000, 0x000000008ea00000|100%| O|  |TAMS 0x000000008e900000| PB 0x000000008e900000| Untracked |  0
| 234|0x000000008ea00000, 0x000000008eb00000, 0x000000008eb00000|100%| O|  |TAMS 0x000000008ea00000| PB 0x000000008ea00000| Untracked |  0
| 235|0x000000008eb00000, 0x000000008ec00000, 0x000000008ec00000|100%| O|Cm|TAMS 0x000000008eb00000| PB 0x000000008eb00000| Complete |  0
| 236|0x000000008ec00000, 0x000000008ed00000, 0x000000008ed00000|100%| O|  |TAMS 0x000000008ec00000| PB 0x000000008ec00000| Untracked |  0
| 237|0x000000008ed00000, 0x000000008ee00000, 0x000000008ee00000|100%| O|  |TAMS 0x000000008ed00000| PB 0x000000008ed00000| Untracked |  0
| 238|0x000000008ee00000, 0x000000008ef00000, 0x000000008ef00000|100%| O|  |TAMS 0x000000008ee00000| PB 0x000000008ee00000| Untracked |  0
| 239|0x000000008ef00000, 0x000000008f000000, 0x000000008f000000|100%| O|  |TAMS 0x000000008ef00000| PB 0x000000008ef00000| Untracked |  0
| 240|0x000000008f000000, 0x000000008f100000, 0x000000008f100000|100%| O|  |TAMS 0x000000008f000000| PB 0x000000008f000000| Untracked |  0
| 241|0x000000008f100000, 0x000000008f13f848, 0x000000008f200000| 24%| O|  |TAMS 0x000000008f100000| PB 0x000000008f100000| Untracked |  0
| 242|0x000000008f200000, 0x000000008f300000, 0x000000008f300000|100%| O|  |TAMS 0x000000008f200000| PB 0x000000008f200000| Untracked |  0
| 243|0x000000008f300000, 0x000000008f400000, 0x000000008f400000|100%| O|Cm|TAMS 0x000000008f300000| PB 0x000000008f300000| Complete |  0
| 244|0x000000008f400000, 0x000000008f500000, 0x000000008f500000|100%|HS|  |TAMS 0x000000008f400000| PB 0x000000008f400000| Complete |  0
| 245|0x000000008f500000, 0x000000008f600000, 0x000000008f600000|100%|HC|  |TAMS 0x000000008f500000| PB 0x000000008f500000| Complete |  0
| 246|0x000000008f600000, 0x000000008f700000, 0x000000008f700000|100%|HC|  |TAMS 0x000000008f600000| PB 0x000000008f600000| Complete |  0
| 247|0x000000008f700000, 0x000000008f800000, 0x000000008f800000|100%|HC|  |TAMS 0x000000008f700000| PB 0x000000008f700000| Complete |  0
| 248|0x000000008f800000, 0x000000008f900000, 0x000000008f900000|100%|HC|  |TAMS 0x000000008f800000| PB 0x000000008f800000| Complete |  0
| 249|0x000000008f900000, 0x000000008fa00000, 0x000000008fa00000|100%|HS|  |TAMS 0x000000008f900000| PB 0x000000008f900000| Complete |  0
| 250|0x000000008fa00000, 0x000000008fb00000, 0x000000008fb00000|100%|HC|  |TAMS 0x000000008fa00000| PB 0x000000008fa00000| Complete |  0
| 251|0x000000008fb00000, 0x000000008fc00000, 0x000000008fc00000|100%|HS|  |TAMS 0x000000008fb00000| PB 0x000000008fb00000| Complete |  0
| 252|0x000000008fc00000, 0x000000008fd00000, 0x000000008fd00000|100%|HC|  |TAMS 0x000000008fc00000| PB 0x000000008fc00000| Complete |  0
| 253|0x000000008fd00000, 0x000000008fe00000, 0x000000008fe00000|100%| O|  |TAMS 0x000000008fd00000| PB 0x000000008fd00000| Untracked |  0
| 254|0x000000008fe00000, 0x000000008fe00000, 0x000000008ff00000|  0%| F|  |TAMS 0x000000008fe00000| PB 0x000000008fe00000| Untracked |  0
| 255|0x000000008ff00000, 0x000000008ff00000, 0x0000000090000000|  0%| F|  |TAMS 0x000000008ff00000| PB 0x000000008ff00000| Untracked |  0
| 256|0x0000000090000000, 0x0000000090100000, 0x0000000090100000|100%| O|  |TAMS 0x0000000090000000| PB 0x0000000090000000| Untracked |  0
| 257|0x0000000090100000, 0x0000000090200000, 0x0000000090200000|100%| O|  |TAMS 0x0000000090100000| PB 0x0000000090100000| Untracked |  0
| 258|0x0000000090200000, 0x0000000090300000, 0x0000000090300000|100%| O|Cm|TAMS 0x0000000090200000| PB 0x0000000090200000| Complete |  0
| 259|0x0000000090300000, 0x0000000090400000, 0x0000000090400000|100%| O|  |TAMS 0x0000000090300000| PB 0x0000000090300000| Untracked |  0
| 260|0x0000000090400000, 0x0000000090400000, 0x0000000090500000|  0%| F|  |TAMS 0x0000000090400000| PB 0x0000000090400000| Untracked |  0
| 261|0x0000000090500000, 0x0000000090500000, 0x0000000090600000|  0%| F|  |TAMS 0x0000000090500000| PB 0x0000000090500000| Untracked |  0
| 262|0x0000000090600000, 0x0000000090600000, 0x0000000090700000|  0%| F|  |TAMS 0x0000000090600000| PB 0x0000000090600000| Untracked |  0
| 263|0x0000000090700000, 0x0000000090700000, 0x0000000090800000|  0%| F|  |TAMS 0x0000000090700000| PB 0x0000000090700000| Untracked |  0
| 264|0x0000000090800000, 0x0000000090800000, 0x0000000090900000|  0%| F|  |TAMS 0x0000000090800000| PB 0x0000000090800000| Untracked |  0
| 265|0x0000000090900000, 0x0000000090900000, 0x0000000090a00000|  0%| F|  |TAMS 0x0000000090900000| PB 0x0000000090900000| Untracked |  0
| 266|0x0000000090a00000, 0x0000000090a00000, 0x0000000090b00000|  0%| F|  |TAMS 0x0000000090a00000| PB 0x0000000090a00000| Untracked |  0
| 267|0x0000000090b00000, 0x0000000090b00000, 0x0000000090c00000|  0%| F|  |TAMS 0x0000000090b00000| PB 0x0000000090b00000| Untracked |  0
| 268|0x0000000090c00000, 0x0000000090c00000, 0x0000000090d00000|  0%| F|  |TAMS 0x0000000090c00000| PB 0x0000000090c00000| Untracked |  0
| 269|0x0000000090d00000, 0x0000000090e00000, 0x0000000090e00000|100%| O|  |TAMS 0x0000000090d00000| PB 0x0000000090d00000| Untracked |  0
| 270|0x0000000090e00000, 0x0000000090f00000, 0x0000000090f00000|100%| O|  |TAMS 0x0000000090e00000| PB 0x0000000090e00000| Untracked |  0
| 271|0x0000000090f00000, 0x0000000091000000, 0x0000000091000000|100%| O|  |TAMS 0x0000000090f00000| PB 0x0000000090f00000| Untracked |  0
| 272|0x0000000091000000, 0x0000000091100000, 0x0000000091100000|100%| O|Cm|TAMS 0x0000000091000000| PB 0x0000000091000000| Complete |  0
| 273|0x0000000091100000, 0x0000000091200000, 0x0000000091200000|100%|HS|  |TAMS 0x0000000091100000| PB 0x0000000091100000| Complete |  0
| 274|0x0000000091200000, 0x0000000091300000, 0x0000000091300000|100%|HC|  |TAMS 0x0000000091200000| PB 0x0000000091200000| Complete |  0
| 275|0x0000000091300000, 0x0000000091300000, 0x0000000091400000|  0%| F|  |TAMS 0x0000000091300000| PB 0x0000000091300000| Untracked |  0
| 276|0x0000000091400000, 0x0000000091400000, 0x0000000091500000|  0%| F|  |TAMS 0x0000000091400000| PB 0x0000000091400000| Untracked |  0
| 277|0x0000000091500000, 0x0000000091500000, 0x0000000091600000|  0%| F|  |TAMS 0x0000000091500000| PB 0x0000000091500000| Untracked |  0
| 278|0x0000000091600000, 0x0000000091700000, 0x0000000091700000|100%| O|  |TAMS 0x0000000091600000| PB 0x0000000091600000| Untracked |  0
| 279|0x0000000091700000, 0x0000000091800000, 0x0000000091800000|100%| O|  |TAMS 0x0000000091700000| PB 0x0000000091700000| Untracked |  0
| 280|0x0000000091800000, 0x0000000091900000, 0x0000000091900000|100%| O|  |TAMS 0x0000000091800000| PB 0x0000000091800000| Untracked |  0
| 281|0x0000000091900000, 0x0000000091a00000, 0x0000000091a00000|100%| O|  |TAMS 0x0000000091900000| PB 0x0000000091900000| Untracked |  0
| 282|0x0000000091a00000, 0x0000000091b00000, 0x0000000091b00000|100%| O|  |TAMS 0x0000000091a00000| PB 0x0000000091a00000| Untracked |  0
| 283|0x0000000091b00000, 0x0000000091b00000, 0x0000000091c00000|  0%| F|  |TAMS 0x0000000091b00000| PB 0x0000000091b00000| Untracked |  0
| 284|0x0000000091c00000, 0x0000000091d00000, 0x0000000091d00000|100%| O|  |TAMS 0x0000000091c00000| PB 0x0000000091c00000| Untracked |  0
| 285|0x0000000091d00000, 0x0000000091d00000, 0x0000000091e00000|  0%| F|  |TAMS 0x0000000091d00000| PB 0x0000000091d00000| Untracked |  0
| 286|0x0000000091e00000, 0x0000000091f00000, 0x0000000091f00000|100%| O|Cm|TAMS 0x0000000091e00000| PB 0x0000000091e00000| Complete |  0
| 287|0x0000000091f00000, 0x0000000092000000, 0x0000000092000000|100%| O|  |TAMS 0x0000000091f00000| PB 0x0000000091f00000| Untracked |  0
| 288|0x0000000092000000, 0x0000000092100000, 0x0000000092100000|100%| O|  |TAMS 0x0000000092000000| PB 0x0000000092000000| Untracked |  0
| 289|0x0000000092100000, 0x0000000092200000, 0x0000000092200000|100%| O|  |TAMS 0x0000000092100000| PB 0x0000000092100000| Untracked |  0
| 290|0x0000000092200000, 0x0000000092300000, 0x0000000092300000|100%| O|  |TAMS 0x0000000092200000| PB 0x0000000092200000| Untracked |  0
| 291|0x0000000092300000, 0x0000000092400000, 0x0000000092400000|100%| O|  |TAMS 0x0000000092300000| PB 0x0000000092300000| Untracked |  0
| 292|0x0000000092400000, 0x0000000092500000, 0x0000000092500000|100%| O|  |TAMS 0x0000000092400000| PB 0x0000000092400000| Untracked |  0
| 293|0x0000000092500000, 0x0000000092600000, 0x0000000092600000|100%| O|  |TAMS 0x0000000092500000| PB 0x0000000092500000| Untracked |  0
| 294|0x0000000092600000, 0x0000000092700000, 0x0000000092700000|100%| O|  |TAMS 0x0000000092600000| PB 0x0000000092600000| Untracked |  0
| 295|0x0000000092700000, 0x0000000092800000, 0x0000000092800000|100%| O|  |TAMS 0x0000000092700000| PB 0x0000000092700000| Untracked |  0
| 296|0x0000000092800000, 0x0000000092900000, 0x0000000092900000|100%| O|Cm|TAMS 0x0000000092800000| PB 0x0000000092800000| Complete |  0
| 297|0x0000000092900000, 0x0000000092a00000, 0x0000000092a00000|100%| O|  |TAMS 0x0000000092900000| PB 0x0000000092900000| Untracked |  0
| 298|0x0000000092a00000, 0x0000000092b00000, 0x0000000092b00000|100%| O|  |TAMS 0x0000000092a00000| PB 0x0000000092a00000| Untracked |  0
| 299|0x0000000092b00000, 0x0000000092c00000, 0x0000000092c00000|100%| O|  |TAMS 0x0000000092b00000| PB 0x0000000092b00000| Untracked |  0
| 300|0x0000000092c00000, 0x0000000092d00000, 0x0000000092d00000|100%| O|  |TAMS 0x0000000092c00000| PB 0x0000000092c00000| Untracked |  0
| 301|0x0000000092d00000, 0x0000000092e00000, 0x0000000092e00000|100%| O|  |TAMS 0x0000000092d00000| PB 0x0000000092d00000| Untracked |  0
| 302|0x0000000092e00000, 0x0000000092e00000, 0x0000000092f00000|  0%| F|  |TAMS 0x0000000092e00000| PB 0x0000000092e00000| Untracked |  0
| 303|0x0000000092f00000, 0x0000000093000000, 0x0000000093000000|100%| O|  |TAMS 0x0000000092f00000| PB 0x0000000092f00000| Untracked |  0
| 304|0x0000000093000000, 0x0000000093100000, 0x0000000093100000|100%| O|  |TAMS 0x0000000093000000| PB 0x0000000093000000| Untracked |  0
| 305|0x0000000093100000, 0x0000000093200000, 0x0000000093200000|100%| O|  |TAMS 0x0000000093100000| PB 0x0000000093100000| Untracked |  0
| 306|0x0000000093200000, 0x0000000093300000, 0x0000000093300000|100%| O|  |TAMS 0x0000000093200000| PB 0x0000000093200000| Untracked |  0
| 307|0x0000000093300000, 0x0000000093400000, 0x0000000093400000|100%| O|Cm|TAMS 0x0000000093300000| PB 0x0000000093300000| Complete |  0
| 308|0x0000000093400000, 0x0000000093500000, 0x0000000093500000|100%| O|Cm|TAMS 0x0000000093400000| PB 0x0000000093400000| Complete |  0
| 309|0x0000000093500000, 0x0000000093500000, 0x0000000093600000|  0%| F|  |TAMS 0x0000000093500000| PB 0x0000000093500000| Untracked |  0
| 310|0x0000000093600000, 0x0000000093700000, 0x0000000093700000|100%| O|  |TAMS 0x0000000093600000| PB 0x0000000093600000| Untracked |  0
| 311|0x0000000093700000, 0x0000000093700000, 0x0000000093800000|  0%| F|  |TAMS 0x0000000093700000| PB 0x0000000093700000| Untracked |  0
| 312|0x0000000093800000, 0x0000000093800000, 0x0000000093900000|  0%| F|  |TAMS 0x0000000093800000| PB 0x0000000093800000| Untracked |  0
| 313|0x0000000093900000, 0x0000000093900000, 0x0000000093a00000|  0%| F|  |TAMS 0x0000000093900000| PB 0x0000000093900000| Untracked |  0
| 314|0x0000000093a00000, 0x0000000093a00000, 0x0000000093b00000|  0%| F|  |TAMS 0x0000000093a00000| PB 0x0000000093a00000| Untracked |  0
| 315|0x0000000093b00000, 0x0000000093b00000, 0x0000000093c00000|  0%| F|  |TAMS 0x0000000093b00000| PB 0x0000000093b00000| Untracked |  0
| 316|0x0000000093c00000, 0x0000000093d00000, 0x0000000093d00000|100%| O|  |TAMS 0x0000000093c00000| PB 0x0000000093c00000| Untracked |  0
| 317|0x0000000093d00000, 0x0000000093d00000, 0x0000000093e00000|  0%| F|  |TAMS 0x0000000093d00000| PB 0x0000000093d00000| Untracked |  0
| 318|0x0000000093e00000, 0x0000000093f00000, 0x0000000093f00000|100%| O|Cm|TAMS 0x0000000093e00000| PB 0x0000000093e00000| Complete |  0
| 319|0x0000000093f00000, 0x0000000094000000, 0x0000000094000000|100%| O|Cm|TAMS 0x0000000093f00000| PB 0x0000000093f00000| Complete |  0
| 320|0x0000000094000000, 0x0000000094100000, 0x0000000094100000|100%| O|  |TAMS 0x0000000094000000| PB 0x0000000094000000| Untracked |  0
| 321|0x0000000094100000, 0x0000000094100000, 0x0000000094200000|  0%| F|  |TAMS 0x0000000094100000| PB 0x0000000094100000| Untracked |  0
| 322|0x0000000094200000, 0x0000000094300000, 0x0000000094300000|100%| O|  |TAMS 0x0000000094200000| PB 0x0000000094200000| Untracked |  0
| 323|0x0000000094300000, 0x0000000094300000, 0x0000000094400000|  0%| F|  |TAMS 0x0000000094300000| PB 0x0000000094300000| Untracked |  0
| 324|0x0000000094400000, 0x0000000094400000, 0x0000000094500000|  0%| F|  |TAMS 0x0000000094400000| PB 0x0000000094400000| Untracked |  0
| 325|0x0000000094500000, 0x0000000094500000, 0x0000000094600000|  0%| F|  |TAMS 0x0000000094500000| PB 0x0000000094500000| Untracked |  0
| 326|0x0000000094600000, 0x0000000094600000, 0x0000000094700000|  0%| F|  |TAMS 0x0000000094600000| PB 0x0000000094600000| Untracked |  0
| 327|0x0000000094700000, 0x0000000094700000, 0x0000000094800000|  0%| F|  |TAMS 0x0000000094700000| PB 0x0000000094700000| Untracked |  0
| 328|0x0000000094800000, 0x0000000094800000, 0x0000000094900000|  0%| F|  |TAMS 0x0000000094800000| PB 0x0000000094800000| Untracked |  0
| 329|0x0000000094900000, 0x0000000094900000, 0x0000000094a00000|  0%| F|  |TAMS 0x0000000094900000| PB 0x0000000094900000| Untracked |  0
| 330|0x0000000094a00000, 0x0000000094a00000, 0x0000000094b00000|  0%| F|  |TAMS 0x0000000094a00000| PB 0x0000000094a00000| Untracked |  0
| 331|0x0000000094b00000, 0x0000000094b00000, 0x0000000094c00000|  0%| F|  |TAMS 0x0000000094b00000| PB 0x0000000094b00000| Untracked |  0
| 332|0x0000000094c00000, 0x0000000094c00000, 0x0000000094d00000|  0%| F|  |TAMS 0x0000000094c00000| PB 0x0000000094c00000| Untracked |  0
| 333|0x0000000094d00000, 0x0000000094d00000, 0x0000000094e00000|  0%| F|  |TAMS 0x0000000094d00000| PB 0x0000000094d00000| Untracked |  0
| 334|0x0000000094e00000, 0x0000000094e00000, 0x0000000094f00000|  0%| F|  |TAMS 0x0000000094e00000| PB 0x0000000094e00000| Untracked |  0
| 335|0x0000000094f00000, 0x0000000094f00000, 0x0000000095000000|  0%| F|  |TAMS 0x0000000094f00000| PB 0x0000000094f00000| Untracked |  0
| 336|0x0000000095000000, 0x0000000095000000, 0x0000000095100000|  0%| F|  |TAMS 0x0000000095000000| PB 0x0000000095000000| Untracked |  0
| 337|0x0000000095100000, 0x0000000095100000, 0x0000000095200000|  0%| F|  |TAMS 0x0000000095100000| PB 0x0000000095100000| Untracked |  0
| 338|0x0000000095200000, 0x0000000095200000, 0x0000000095300000|  0%| F|  |TAMS 0x0000000095200000| PB 0x0000000095200000| Untracked |  0
| 339|0x0000000095300000, 0x0000000095300000, 0x0000000095400000|  0%| F|  |TAMS 0x0000000095300000| PB 0x0000000095300000| Untracked |  0
| 340|0x0000000095400000, 0x0000000095400000, 0x0000000095500000|  0%| F|  |TAMS 0x0000000095400000| PB 0x0000000095400000| Untracked |  0
| 341|0x0000000095500000, 0x0000000095500000, 0x0000000095600000|  0%| F|  |TAMS 0x0000000095500000| PB 0x0000000095500000| Untracked |  0
| 342|0x0000000095600000, 0x0000000095600000, 0x0000000095700000|  0%| F|  |TAMS 0x0000000095600000| PB 0x0000000095600000| Untracked |  0
| 343|0x0000000095700000, 0x0000000095700000, 0x0000000095800000|  0%| F|  |TAMS 0x0000000095700000| PB 0x0000000095700000| Untracked |  0
| 344|0x0000000095800000, 0x0000000095900000, 0x0000000095900000|100%| O|  |TAMS 0x0000000095800000| PB 0x0000000095800000| Untracked |  0
| 345|0x0000000095900000, 0x0000000095900000, 0x0000000095a00000|  0%| F|  |TAMS 0x0000000095900000| PB 0x0000000095900000| Untracked |  0
| 346|0x0000000095a00000, 0x0000000095a00000, 0x0000000095b00000|  0%| F|  |TAMS 0x0000000095a00000| PB 0x0000000095a00000| Untracked |  0
| 347|0x0000000095b00000, 0x0000000095b00000, 0x0000000095c00000|  0%| F|  |TAMS 0x0000000095b00000| PB 0x0000000095b00000| Untracked |  0
| 348|0x0000000095c00000, 0x0000000095c00000, 0x0000000095d00000|  0%| F|  |TAMS 0x0000000095c00000| PB 0x0000000095c00000| Untracked |  0
| 349|0x0000000095d00000, 0x0000000095d00000, 0x0000000095e00000|  0%| F|  |TAMS 0x0000000095d00000| PB 0x0000000095d00000| Untracked |  0
| 350|0x0000000095e00000, 0x0000000095e00000, 0x0000000095f00000|  0%| F|  |TAMS 0x0000000095e00000| PB 0x0000000095e00000| Untracked |  0
| 351|0x0000000095f00000, 0x0000000095f00000, 0x0000000096000000|  0%| F|  |TAMS 0x0000000095f00000| PB 0x0000000095f00000| Untracked |  0
| 352|0x0000000096000000, 0x0000000096000000, 0x0000000096100000|  0%| F|  |TAMS 0x0000000096000000| PB 0x0000000096000000| Untracked |  0
| 353|0x0000000096100000, 0x0000000096100000, 0x0000000096200000|  0%| F|  |TAMS 0x0000000096100000| PB 0x0000000096100000| Untracked |  0
| 354|0x0000000096200000, 0x0000000096300000, 0x0000000096300000|100%| O|Cm|TAMS 0x0000000096200000| PB 0x0000000096200000| Complete |  0
| 355|0x0000000096300000, 0x0000000096300000, 0x0000000096400000|  0%| F|  |TAMS 0x0000000096300000| PB 0x0000000096300000| Untracked |  0
| 356|0x0000000096400000, 0x0000000096400000, 0x0000000096500000|  0%| F|  |TAMS 0x0000000096400000| PB 0x0000000096400000| Untracked |  0
| 357|0x0000000096500000, 0x0000000096500000, 0x0000000096600000|  0%| F|  |TAMS 0x0000000096500000| PB 0x0000000096500000| Untracked |  0
| 358|0x0000000096600000, 0x0000000096600000, 0x0000000096700000|  0%| F|  |TAMS 0x0000000096600000| PB 0x0000000096600000| Untracked |  0
| 359|0x0000000096700000, 0x0000000096700000, 0x0000000096800000|  0%| F|  |TAMS 0x0000000096700000| PB 0x0000000096700000| Untracked |  0
| 360|0x0000000096800000, 0x0000000096800000, 0x0000000096900000|  0%| F|  |TAMS 0x0000000096800000| PB 0x0000000096800000| Untracked |  0
| 361|0x0000000096900000, 0x0000000096a00000, 0x0000000096a00000|100%|HS|  |TAMS 0x0000000096900000| PB 0x0000000096900000| Complete |  0
| 362|0x0000000096a00000, 0x0000000096b00000, 0x0000000096b00000|100%|HC|  |TAMS 0x0000000096a00000| PB 0x0000000096a00000| Complete |  0
| 363|0x0000000096b00000, 0x0000000096c00000, 0x0000000096c00000|100%| O|Cm|TAMS 0x0000000096b00000| PB 0x0000000096b00000| Complete |  0
| 364|0x0000000096c00000, 0x0000000096c00000, 0x0000000096d00000|  0%| F|  |TAMS 0x0000000096c00000| PB 0x0000000096c00000| Untracked |  0
| 365|0x0000000096d00000, 0x0000000096d00000, 0x0000000096e00000|  0%| F|  |TAMS 0x0000000096d00000| PB 0x0000000096d00000| Untracked |  0
| 366|0x0000000096e00000, 0x0000000096e00000, 0x0000000096f00000|  0%| F|  |TAMS 0x0000000096e00000| PB 0x0000000096e00000| Untracked |  0
| 367|0x0000000096f00000, 0x0000000096f00000, 0x0000000097000000|  0%| F|  |TAMS 0x0000000096f00000| PB 0x0000000096f00000| Untracked |  0
| 368|0x0000000097000000, 0x0000000097000000, 0x0000000097100000|  0%| F|  |TAMS 0x0000000097000000| PB 0x0000000097000000| Untracked |  0
| 369|0x0000000097100000, 0x0000000097100000, 0x0000000097200000|  0%| F|  |TAMS 0x0000000097100000| PB 0x0000000097100000| Untracked |  0
| 370|0x0000000097200000, 0x0000000097200000, 0x0000000097300000|  0%| F|  |TAMS 0x0000000097200000| PB 0x0000000097200000| Untracked |  0
| 371|0x0000000097300000, 0x0000000097300000, 0x0000000097400000|  0%| F|  |TAMS 0x0000000097300000| PB 0x0000000097300000| Untracked |  0
| 372|0x0000000097400000, 0x0000000097400000, 0x0000000097500000|  0%| F|  |TAMS 0x0000000097400000| PB 0x0000000097400000| Untracked |  0
| 373|0x0000000097500000, 0x0000000097600000, 0x0000000097600000|100%| O|  |TAMS 0x0000000097500000| PB 0x0000000097500000| Untracked |  0
| 374|0x0000000097600000, 0x0000000097700000, 0x0000000097700000|100%| O|Cm|TAMS 0x0000000097600000| PB 0x0000000097600000| Complete |  0
| 375|0x0000000097700000, 0x0000000097800000, 0x0000000097800000|100%| O|Cm|TAMS 0x0000000097700000| PB 0x0000000097700000| Complete |  0
| 376|0x0000000097800000, 0x0000000097900000, 0x0000000097900000|100%| O|  |TAMS 0x0000000097800000| PB 0x0000000097800000| Untracked |  0
| 377|0x0000000097900000, 0x0000000097a00000, 0x0000000097a00000|100%| O|Cm|TAMS 0x0000000097900000| PB 0x0000000097900000| Complete |  0
| 378|0x0000000097a00000, 0x0000000097b00000, 0x0000000097b00000|100%| O|Cm|TAMS 0x0000000097a00000| PB 0x0000000097a00000| Complete |  0
| 379|0x0000000097b00000, 0x0000000097b00000, 0x0000000097c00000|  0%| F|  |TAMS 0x0000000097b00000| PB 0x0000000097b00000| Untracked |  0
| 380|0x0000000097c00000, 0x0000000097c00000, 0x0000000097d00000|  0%| F|  |TAMS 0x0000000097c00000| PB 0x0000000097c00000| Untracked |  0
| 381|0x0000000097d00000, 0x0000000097e00000, 0x0000000097e00000|100%| O|Cm|TAMS 0x0000000097d00000| PB 0x0000000097d00000| Complete |  0
| 382|0x0000000097e00000, 0x0000000097f00000, 0x0000000097f00000|100%| O|Cm|TAMS 0x0000000097e00000| PB 0x0000000097e00000| Complete |  0
| 383|0x0000000097f00000, 0x0000000097f00000, 0x0000000098000000|  0%| F|  |TAMS 0x0000000097f00000| PB 0x0000000097f00000| Untracked |  0
| 384|0x0000000098000000, 0x0000000098000000, 0x0000000098100000|  0%| F|  |TAMS 0x0000000098000000| PB 0x0000000098000000| Untracked |  0
| 385|0x0000000098100000, 0x0000000098200000, 0x0000000098200000|100%| O|Cm|TAMS 0x0000000098100000| PB 0x0000000098100000| Complete |  0
| 386|0x0000000098200000, 0x0000000098300000, 0x0000000098300000|100%| O|  |TAMS 0x0000000098200000| PB 0x0000000098200000| Untracked |  0
| 387|0x0000000098300000, 0x0000000098300000, 0x0000000098400000|  0%| F|  |TAMS 0x0000000098300000| PB 0x0000000098300000| Untracked |  0
| 388|0x0000000098400000, 0x0000000098400000, 0x0000000098500000|  0%| F|  |TAMS 0x0000000098400000| PB 0x0000000098400000| Untracked |  0
| 389|0x0000000098500000, 0x0000000098500000, 0x0000000098600000|  0%| F|  |TAMS 0x0000000098500000| PB 0x0000000098500000| Untracked |  0
| 390|0x0000000098600000, 0x0000000098700000, 0x0000000098700000|100%| O|Cm|TAMS 0x0000000098600000| PB 0x0000000098600000| Complete |  0
| 391|0x0000000098700000, 0x0000000098800000, 0x0000000098800000|100%| O|Cm|TAMS 0x0000000098700000| PB 0x0000000098700000| Complete |  0
| 392|0x0000000098800000, 0x0000000098900000, 0x0000000098900000|100%| O|Cm|TAMS 0x0000000098800000| PB 0x0000000098800000| Complete |  0
| 393|0x0000000098900000, 0x0000000098a00000, 0x0000000098a00000|100%| O|  |TAMS 0x0000000098900000| PB 0x0000000098900000| Untracked |  0
| 394|0x0000000098a00000, 0x0000000098b00000, 0x0000000098b00000|100%| O|Cm|TAMS 0x0000000098a00000| PB 0x0000000098a00000| Complete |  0
| 395|0x0000000098b00000, 0x0000000098c00000, 0x0000000098c00000|100%| O|  |TAMS 0x0000000098b00000| PB 0x0000000098b00000| Untracked |  0
| 396|0x0000000098c00000, 0x0000000098d00000, 0x0000000098d00000|100%| O|Cm|TAMS 0x0000000098c00000| PB 0x0000000098c00000| Complete |  0
| 397|0x0000000098d00000, 0x0000000098e00000, 0x0000000098e00000|100%| O|Cm|TAMS 0x0000000098d00000| PB 0x0000000098d00000| Complete |  0
| 398|0x0000000098e00000, 0x0000000098e00000, 0x0000000098f00000|  0%| F|  |TAMS 0x0000000098e00000| PB 0x0000000098e00000| Untracked |  0
| 399|0x0000000098f00000, 0x0000000098f00000, 0x0000000099000000|  0%| F|  |TAMS 0x0000000098f00000| PB 0x0000000098f00000| Untracked |  0
| 400|0x0000000099000000, 0x0000000099000000, 0x0000000099100000|  0%| F|  |TAMS 0x0000000099000000| PB 0x0000000099000000| Untracked |  0
| 401|0x0000000099100000, 0x0000000099100000, 0x0000000099200000|  0%| F|  |TAMS 0x0000000099100000| PB 0x0000000099100000| Untracked |  0
| 402|0x0000000099200000, 0x0000000099300000, 0x0000000099300000|100%| O|Cm|TAMS 0x0000000099200000| PB 0x0000000099200000| Complete |  0
| 403|0x0000000099300000, 0x0000000099300000, 0x0000000099400000|  0%| F|  |TAMS 0x0000000099300000| PB 0x0000000099300000| Untracked |  0
| 404|0x0000000099400000, 0x0000000099400000, 0x0000000099500000|  0%| F|  |TAMS 0x0000000099400000| PB 0x0000000099400000| Untracked |  0
| 405|0x0000000099500000, 0x0000000099500000, 0x0000000099600000|  0%| F|  |TAMS 0x0000000099500000| PB 0x0000000099500000| Untracked |  0
| 406|0x0000000099600000, 0x0000000099600000, 0x0000000099700000|  0%| F|  |TAMS 0x0000000099600000| PB 0x0000000099600000| Untracked |  0
| 407|0x0000000099700000, 0x0000000099700000, 0x0000000099800000|  0%| F|  |TAMS 0x0000000099700000| PB 0x0000000099700000| Untracked |  0
| 408|0x0000000099800000, 0x0000000099800000, 0x0000000099900000|  0%| F|  |TAMS 0x0000000099800000| PB 0x0000000099800000| Untracked |  0
| 409|0x0000000099900000, 0x0000000099900000, 0x0000000099a00000|  0%| F|  |TAMS 0x0000000099900000| PB 0x0000000099900000| Untracked |  0
| 410|0x0000000099a00000, 0x0000000099a00000, 0x0000000099b00000|  0%| F|  |TAMS 0x0000000099a00000| PB 0x0000000099a00000| Untracked |  0
| 411|0x0000000099b00000, 0x0000000099b00000, 0x0000000099c00000|  0%| F|  |TAMS 0x0000000099b00000| PB 0x0000000099b00000| Untracked |  0
| 412|0x0000000099c00000, 0x0000000099c00000, 0x0000000099d00000|  0%| F|  |TAMS 0x0000000099c00000| PB 0x0000000099c00000| Untracked |  0
| 413|0x0000000099d00000, 0x0000000099d00000, 0x0000000099e00000|  0%| F|  |TAMS 0x0000000099d00000| PB 0x0000000099d00000| Untracked |  0
| 414|0x0000000099e00000, 0x0000000099e00000, 0x0000000099f00000|  0%| F|  |TAMS 0x0000000099e00000| PB 0x0000000099e00000| Untracked |  0
| 415|0x0000000099f00000, 0x000000009a000000, 0x000000009a000000|100%| O|Cm|TAMS 0x0000000099f00000| PB 0x0000000099f00000| Complete |  0
| 416|0x000000009a000000, 0x000000009a100000, 0x000000009a100000|100%| O|  |TAMS 0x000000009a000000| PB 0x000000009a000000| Untracked |  0
| 417|0x000000009a100000, 0x000000009a200000, 0x000000009a200000|100%| O|  |TAMS 0x000000009a100000| PB 0x000000009a100000| Untracked |  0
| 418|0x000000009a200000, 0x000000009a300000, 0x000000009a300000|100%| O|  |TAMS 0x000000009a200000| PB 0x000000009a200000| Untracked |  0
| 419|0x000000009a300000, 0x000000009a400000, 0x000000009a400000|100%| O|  |TAMS 0x000000009a300000| PB 0x000000009a300000| Untracked |  0
| 420|0x000000009a400000, 0x000000009a500000, 0x000000009a500000|100%| O|  |TAMS 0x000000009a400000| PB 0x000000009a400000| Untracked |  0
| 421|0x000000009a500000, 0x000000009a600000, 0x000000009a600000|100%| O|  |TAMS 0x000000009a500000| PB 0x000000009a500000| Untracked |  0
| 422|0x000000009a600000, 0x000000009a700000, 0x000000009a700000|100%| O|Cm|TAMS 0x000000009a600000| PB 0x000000009a600000| Complete |  0
| 423|0x000000009a700000, 0x000000009a800000, 0x000000009a800000|100%| O|Cm|TAMS 0x000000009a700000| PB 0x000000009a700000| Complete |  0
| 424|0x000000009a800000, 0x000000009a900000, 0x000000009a900000|100%| O|  |TAMS 0x000000009a800000| PB 0x000000009a800000| Untracked |  0
| 425|0x000000009a900000, 0x000000009aa00000, 0x000000009aa00000|100%| O|  |TAMS 0x000000009a900000| PB 0x000000009a900000| Untracked |  0
| 426|0x000000009aa00000, 0x000000009ab00000, 0x000000009ab00000|100%| O|Cm|TAMS 0x000000009aa00000| PB 0x000000009aa00000| Complete |  0
| 427|0x000000009ab00000, 0x000000009ab00000, 0x000000009ac00000|  0%| F|  |TAMS 0x000000009ab00000| PB 0x000000009ab00000| Untracked |  0
| 428|0x000000009ac00000, 0x000000009ad00000, 0x000000009ad00000|100%| O|  |TAMS 0x000000009ac00000| PB 0x000000009ac00000| Untracked |  0
| 429|0x000000009ad00000, 0x000000009ae00000, 0x000000009ae00000|100%| O|  |TAMS 0x000000009ad00000| PB 0x000000009ad00000| Untracked |  0
| 430|0x000000009ae00000, 0x000000009ae00000, 0x000000009af00000|  0%| F|  |TAMS 0x000000009ae00000| PB 0x000000009ae00000| Untracked |  0
| 431|0x000000009af00000, 0x000000009af00000, 0x000000009b000000|  0%| F|  |TAMS 0x000000009af00000| PB 0x000000009af00000| Untracked |  0
| 432|0x000000009b000000, 0x000000009b000000, 0x000000009b100000|  0%| F|  |TAMS 0x000000009b000000| PB 0x000000009b000000| Untracked |  0
| 433|0x000000009b100000, 0x000000009b200000, 0x000000009b200000|100%| O|  |TAMS 0x000000009b100000| PB 0x000000009b100000| Untracked |  0
| 434|0x000000009b200000, 0x000000009b200000, 0x000000009b300000|  0%| F|  |TAMS 0x000000009b200000| PB 0x000000009b200000| Untracked |  0
| 435|0x000000009b300000, 0x000000009b400000, 0x000000009b400000|100%| O|  |TAMS 0x000000009b300000| PB 0x000000009b300000| Untracked |  0
| 436|0x000000009b400000, 0x000000009b500000, 0x000000009b500000|100%| O|Cm|TAMS 0x000000009b400000| PB 0x000000009b400000| Complete |  0
| 437|0x000000009b500000, 0x000000009b600000, 0x000000009b600000|100%| O|  |TAMS 0x000000009b500000| PB 0x000000009b500000| Untracked |  0
| 438|0x000000009b600000, 0x000000009b700000, 0x000000009b700000|100%| O|Cm|TAMS 0x000000009b600000| PB 0x000000009b600000| Complete |  0
| 439|0x000000009b700000, 0x000000009b800000, 0x000000009b800000|100%| O|Cm|TAMS 0x000000009b700000| PB 0x000000009b700000| Complete |  0
| 440|0x000000009b800000, 0x000000009b900000, 0x000000009b900000|100%| O|  |TAMS 0x000000009b800000| PB 0x000000009b800000| Untracked |  0
| 441|0x000000009b900000, 0x000000009ba00000, 0x000000009ba00000|100%| O|  |TAMS 0x000000009b900000| PB 0x000000009b900000| Untracked |  0
| 442|0x000000009ba00000, 0x000000009bb00000, 0x000000009bb00000|100%| O|  |TAMS 0x000000009ba00000| PB 0x000000009ba00000| Untracked |  0
| 443|0x000000009bb00000, 0x000000009bc00000, 0x000000009bc00000|100%| O|Cm|TAMS 0x000000009bb00000| PB 0x000000009bb00000| Complete |  0
| 444|0x000000009bc00000, 0x000000009bd00000, 0x000000009bd00000|100%| O|  |TAMS 0x000000009bc00000| PB 0x000000009bc00000| Untracked |  0
| 445|0x000000009bd00000, 0x000000009be00000, 0x000000009be00000|100%| O|  |TAMS 0x000000009bd00000| PB 0x000000009bd00000| Untracked |  0
| 446|0x000000009be00000, 0x000000009bf00000, 0x000000009bf00000|100%| O|  |TAMS 0x000000009be00000| PB 0x000000009be00000| Untracked |  0
| 447|0x000000009bf00000, 0x000000009c000000, 0x000000009c000000|100%| O|  |TAMS 0x000000009bf00000| PB 0x000000009bf00000| Untracked |  0
| 448|0x000000009c000000, 0x000000009c100000, 0x000000009c100000|100%| O|  |TAMS 0x000000009c000000| PB 0x000000009c000000| Untracked |  0
| 449|0x000000009c100000, 0x000000009c200000, 0x000000009c200000|100%| O|  |TAMS 0x000000009c100000| PB 0x000000009c100000| Untracked |  0
| 450|0x000000009c200000, 0x000000009c300000, 0x000000009c300000|100%| O|  |TAMS 0x000000009c200000| PB 0x000000009c200000| Untracked |  0
| 451|0x000000009c300000, 0x000000009c400000, 0x000000009c400000|100%| O|  |TAMS 0x000000009c300000| PB 0x000000009c300000| Untracked |  0
| 452|0x000000009c400000, 0x000000009c500000, 0x000000009c500000|100%| O|Cm|TAMS 0x000000009c400000| PB 0x000000009c400000| Complete |  0
| 453|0x000000009c500000, 0x000000009c600000, 0x000000009c600000|100%| O|Cm|TAMS 0x000000009c500000| PB 0x000000009c500000| Complete |  0
| 454|0x000000009c600000, 0x000000009c700000, 0x000000009c700000|100%| O|Cm|TAMS 0x000000009c600000| PB 0x000000009c600000| Complete |  0
| 455|0x000000009c700000, 0x000000009c800000, 0x000000009c800000|100%| O|Cm|TAMS 0x000000009c700000| PB 0x000000009c700000| Complete |  0
| 456|0x000000009c800000, 0x000000009c900000, 0x000000009c900000|100%| O|Cm|TAMS 0x000000009c800000| PB 0x000000009c800000| Complete |  0
| 457|0x000000009c900000, 0x000000009ca00000, 0x000000009ca00000|100%| O|Cm|TAMS 0x000000009c900000| PB 0x000000009c900000| Complete |  0
| 458|0x000000009ca00000, 0x000000009cb00000, 0x000000009cb00000|100%| O|  |TAMS 0x000000009ca00000| PB 0x000000009ca00000| Untracked |  0
| 459|0x000000009cb00000, 0x000000009cc00000, 0x000000009cc00000|100%| O|  |TAMS 0x000000009cb00000| PB 0x000000009cb00000| Untracked |  0
| 460|0x000000009cc00000, 0x000000009cd00000, 0x000000009cd00000|100%| O|Cm|TAMS 0x000000009cc00000| PB 0x000000009cc00000| Complete |  0
| 461|0x000000009cd00000, 0x000000009ce00000, 0x000000009ce00000|100%| O|  |TAMS 0x000000009cd00000| PB 0x000000009cd00000| Untracked |  0
| 462|0x000000009ce00000, 0x000000009cf00000, 0x000000009cf00000|100%| O|Cm|TAMS 0x000000009ce00000| PB 0x000000009ce00000| Complete |  0
| 463|0x000000009cf00000, 0x000000009d000000, 0x000000009d000000|100%| O|Cm|TAMS 0x000000009cf00000| PB 0x000000009cf00000| Complete |  0
| 464|0x000000009d000000, 0x000000009d100000, 0x000000009d100000|100%| O|  |TAMS 0x000000009d000000| PB 0x000000009d000000| Untracked |  0
| 465|0x000000009d100000, 0x000000009d200000, 0x000000009d200000|100%| O|Cm|TAMS 0x000000009d100000| PB 0x000000009d100000| Complete |  0
| 466|0x000000009d200000, 0x000000009d300000, 0x000000009d300000|100%| O|  |TAMS 0x000000009d200000| PB 0x000000009d200000| Untracked |  0
| 467|0x000000009d300000, 0x000000009d400000, 0x000000009d400000|100%| O|  |TAMS 0x000000009d300000| PB 0x000000009d300000| Untracked |  0
| 468|0x000000009d400000, 0x000000009d500000, 0x000000009d500000|100%| O|  |TAMS 0x000000009d400000| PB 0x000000009d400000| Untracked |  0
| 469|0x000000009d500000, 0x000000009d600000, 0x000000009d600000|100%| O|Cm|TAMS 0x000000009d500000| PB 0x000000009d500000| Complete |  0
| 470|0x000000009d600000, 0x000000009d700000, 0x000000009d700000|100%| O|  |TAMS 0x000000009d600000| PB 0x000000009d600000| Untracked |  0
| 471|0x000000009d700000, 0x000000009d700000, 0x000000009d800000|  0%| F|  |TAMS 0x000000009d700000| PB 0x000000009d700000| Untracked |  0
| 472|0x000000009d800000, 0x000000009d900000, 0x000000009d900000|100%| O|  |TAMS 0x000000009d800000| PB 0x000000009d800000| Untracked |  0
| 473|0x000000009d900000, 0x000000009da00000, 0x000000009da00000|100%| O|  |TAMS 0x000000009d900000| PB 0x000000009d900000| Untracked |  0
| 474|0x000000009da00000, 0x000000009db00000, 0x000000009db00000|100%| O|  |TAMS 0x000000009da00000| PB 0x000000009da00000| Untracked |  0
| 475|0x000000009db00000, 0x000000009dc00000, 0x000000009dc00000|100%| O|  |TAMS 0x000000009db00000| PB 0x000000009db00000| Untracked |  0
| 476|0x000000009dc00000, 0x000000009dd00000, 0x000000009dd00000|100%| O|  |TAMS 0x000000009dc00000| PB 0x000000009dc00000| Untracked |  0
| 477|0x000000009dd00000, 0x000000009de00000, 0x000000009de00000|100%| O|  |TAMS 0x000000009dd00000| PB 0x000000009dd00000| Untracked |  0
| 478|0x000000009de00000, 0x000000009df00000, 0x000000009df00000|100%| O|Cm|TAMS 0x000000009de00000| PB 0x000000009de00000| Complete |  0
| 479|0x000000009df00000, 0x000000009e000000, 0x000000009e000000|100%| O|  |TAMS 0x000000009df00000| PB 0x000000009df00000| Untracked |  0
| 480|0x000000009e000000, 0x000000009e100000, 0x000000009e100000|100%| O|Cm|TAMS 0x000000009e000000| PB 0x000000009e000000| Complete |  0
| 481|0x000000009e100000, 0x000000009e200000, 0x000000009e200000|100%| O|  |TAMS 0x000000009e100000| PB 0x000000009e100000| Untracked |  0
| 482|0x000000009e200000, 0x000000009e300000, 0x000000009e300000|100%| O|  |TAMS 0x000000009e200000| PB 0x000000009e200000| Untracked |  0
| 483|0x000000009e300000, 0x000000009e400000, 0x000000009e400000|100%| O|  |TAMS 0x000000009e300000| PB 0x000000009e300000| Untracked |  0
| 484|0x000000009e400000, 0x000000009e500000, 0x000000009e500000|100%| O|  |TAMS 0x000000009e400000| PB 0x000000009e400000| Untracked |  0
| 485|0x000000009e500000, 0x000000009e600000, 0x000000009e600000|100%| O|  |TAMS 0x000000009e500000| PB 0x000000009e500000| Untracked |  0
| 486|0x000000009e600000, 0x000000009e700000, 0x000000009e700000|100%| O|  |TAMS 0x000000009e600000| PB 0x000000009e600000| Untracked |  0
| 487|0x000000009e700000, 0x000000009e800000, 0x000000009e800000|100%| O|  |TAMS 0x000000009e700000| PB 0x000000009e700000| Untracked |  0
| 488|0x000000009e800000, 0x000000009e900000, 0x000000009e900000|100%| O|  |TAMS 0x000000009e800000| PB 0x000000009e800000| Untracked |  0
| 489|0x000000009e900000, 0x000000009ea00000, 0x000000009ea00000|100%| O|  |TAMS 0x000000009e900000| PB 0x000000009e900000| Untracked |  0
| 490|0x000000009ea00000, 0x000000009eb00000, 0x000000009eb00000|100%| O|  |TAMS 0x000000009ea00000| PB 0x000000009ea00000| Untracked |  0
| 491|0x000000009eb00000, 0x000000009ec00000, 0x000000009ec00000|100%| O|  |TAMS 0x000000009eb00000| PB 0x000000009eb00000| Untracked |  0
| 492|0x000000009ec00000, 0x000000009ed00000, 0x000000009ed00000|100%| O|  |TAMS 0x000000009ec00000| PB 0x000000009ec00000| Untracked |  0
| 493|0x000000009ed00000, 0x000000009ee00000, 0x000000009ee00000|100%| O|  |TAMS 0x000000009ed00000| PB 0x000000009ed00000| Untracked |  0
| 494|0x000000009ee00000, 0x000000009ef00000, 0x000000009ef00000|100%| O|  |TAMS 0x000000009ee00000| PB 0x000000009ee00000| Untracked |  0
| 495|0x000000009ef00000, 0x000000009f000000, 0x000000009f000000|100%| O|  |TAMS 0x000000009ef00000| PB 0x000000009ef00000| Untracked |  0
| 496|0x000000009f000000, 0x000000009f100000, 0x000000009f100000|100%| O|  |TAMS 0x000000009f000000| PB 0x000000009f000000| Untracked |  0
| 497|0x000000009f100000, 0x000000009f200000, 0x000000009f200000|100%| O|  |TAMS 0x000000009f100000| PB 0x000000009f100000| Untracked |  0
| 498|0x000000009f200000, 0x000000009f300000, 0x000000009f300000|100%| O|  |TAMS 0x000000009f200000| PB 0x000000009f200000| Untracked |  0
| 499|0x000000009f300000, 0x000000009f300000, 0x000000009f400000|  0%| F|  |TAMS 0x000000009f300000| PB 0x000000009f300000| Untracked |  0
| 500|0x000000009f400000, 0x000000009f500000, 0x000000009f500000|100%| O|Cm|TAMS 0x000000009f400000| PB 0x000000009f400000| Complete |  0
| 501|0x000000009f500000, 0x000000009f600000, 0x000000009f600000|100%|HS|  |TAMS 0x000000009f500000| PB 0x000000009f500000| Complete |  0
| 502|0x000000009f600000, 0x000000009f700000, 0x000000009f700000|100%|HC|  |TAMS 0x000000009f600000| PB 0x000000009f600000| Complete |  0
| 503|0x000000009f700000, 0x000000009f800000, 0x000000009f800000|100%|HC|  |TAMS 0x000000009f700000| PB 0x000000009f700000| Complete |  0
| 504|0x000000009f800000, 0x000000009f900000, 0x000000009f900000|100%|HC|  |TAMS 0x000000009f800000| PB 0x000000009f800000| Complete |  0
| 505|0x000000009f900000, 0x000000009fa00000, 0x000000009fa00000|100%|HC|  |TAMS 0x000000009f900000| PB 0x000000009f900000| Complete |  0
| 506|0x000000009fa00000, 0x000000009fb00000, 0x000000009fb00000|100%|HC|  |TAMS 0x000000009fa00000| PB 0x000000009fa00000| Complete |  0
| 507|0x000000009fb00000, 0x000000009fc00000, 0x000000009fc00000|100%| O|Cm|TAMS 0x000000009fb00000| PB 0x000000009fb00000| Complete |  0
| 508|0x000000009fc00000, 0x000000009fd00000, 0x000000009fd00000|100%| O|Cm|TAMS 0x000000009fc00000| PB 0x000000009fc00000| Complete |  0
| 509|0x000000009fd00000, 0x000000009fe00000, 0x000000009fe00000|100%| O|Cm|TAMS 0x000000009fd00000| PB 0x000000009fd00000| Complete |  0
| 510|0x000000009fe00000, 0x000000009ff00000, 0x000000009ff00000|100%| O|Cm|TAMS 0x000000009fe00000| PB 0x000000009fe00000| Complete |  0
| 511|0x000000009ff00000, 0x00000000a0000000, 0x00000000a0000000|100%| O|Cm|TAMS 0x000000009ff00000| PB 0x000000009ff00000| Complete |  0
| 512|0x00000000a0000000, 0x00000000a0100000, 0x00000000a0100000|100%| O|Cm|TAMS 0x00000000a0000000| PB 0x00000000a0000000| Complete |  0
| 513|0x00000000a0100000, 0x00000000a0100000, 0x00000000a0200000|  0%| F|  |TAMS 0x00000000a0100000| PB 0x00000000a0100000| Untracked |  0
| 514|0x00000000a0200000, 0x00000000a0200000, 0x00000000a0300000|  0%| F|  |TAMS 0x00000000a0200000| PB 0x00000000a0200000| Untracked |  0
| 515|0x00000000a0300000, 0x00000000a0300000, 0x00000000a0400000|  0%| F|  |TAMS 0x00000000a0300000| PB 0x00000000a0300000| Untracked |  0
| 516|0x00000000a0400000, 0x00000000a0400000, 0x00000000a0500000|  0%| F|  |TAMS 0x00000000a0400000| PB 0x00000000a0400000| Untracked |  0
| 517|0x00000000a0500000, 0x00000000a0500000, 0x00000000a0600000|  0%| F|  |TAMS 0x00000000a0500000| PB 0x00000000a0500000| Untracked |  0
| 518|0x00000000a0600000, 0x00000000a0600000, 0x00000000a0700000|  0%| F|  |TAMS 0x00000000a0600000| PB 0x00000000a0600000| Untracked |  0
| 519|0x00000000a0700000, 0x00000000a0700000, 0x00000000a0800000|  0%| F|  |TAMS 0x00000000a0700000| PB 0x00000000a0700000| Untracked |  0
| 520|0x00000000a0800000, 0x00000000a0800000, 0x00000000a0900000|  0%| F|  |TAMS 0x00000000a0800000| PB 0x00000000a0800000| Untracked |  0
| 521|0x00000000a0900000, 0x00000000a0900000, 0x00000000a0a00000|  0%| F|  |TAMS 0x00000000a0900000| PB 0x00000000a0900000| Untracked |  0
| 522|0x00000000a0a00000, 0x00000000a0a00000, 0x00000000a0b00000|  0%| F|  |TAMS 0x00000000a0a00000| PB 0x00000000a0a00000| Untracked |  0
| 523|0x00000000a0b00000, 0x00000000a0b00000, 0x00000000a0c00000|  0%| F|  |TAMS 0x00000000a0b00000| PB 0x00000000a0b00000| Untracked |  0
| 524|0x00000000a0c00000, 0x00000000a0c00000, 0x00000000a0d00000|  0%| F|  |TAMS 0x00000000a0c00000| PB 0x00000000a0c00000| Untracked |  0
| 525|0x00000000a0d00000, 0x00000000a0d00000, 0x00000000a0e00000|  0%| F|  |TAMS 0x00000000a0d00000| PB 0x00000000a0d00000| Untracked |  0
| 526|0x00000000a0e00000, 0x00000000a0e00000, 0x00000000a0f00000|  0%| F|  |TAMS 0x00000000a0e00000| PB 0x00000000a0e00000| Untracked |  0
| 527|0x00000000a0f00000, 0x00000000a0f00000, 0x00000000a1000000|  0%| F|  |TAMS 0x00000000a0f00000| PB 0x00000000a0f00000| Untracked |  0
| 528|0x00000000a1000000, 0x00000000a1000000, 0x00000000a1100000|  0%| F|  |TAMS 0x00000000a1000000| PB 0x00000000a1000000| Untracked |  0
| 529|0x00000000a1100000, 0x00000000a1100000, 0x00000000a1200000|  0%| F|  |TAMS 0x00000000a1100000| PB 0x00000000a1100000| Untracked |  0
| 530|0x00000000a1200000, 0x00000000a1200000, 0x00000000a1300000|  0%| F|  |TAMS 0x00000000a1200000| PB 0x00000000a1200000| Untracked |  0
| 531|0x00000000a1300000, 0x00000000a1300000, 0x00000000a1400000|  0%| F|  |TAMS 0x00000000a1300000| PB 0x00000000a1300000| Untracked |  0
| 532|0x00000000a1400000, 0x00000000a1400000, 0x00000000a1500000|  0%| F|  |TAMS 0x00000000a1400000| PB 0x00000000a1400000| Untracked |  0
| 533|0x00000000a1500000, 0x00000000a1500000, 0x00000000a1600000|  0%| F|  |TAMS 0x00000000a1500000| PB 0x00000000a1500000| Untracked |  0
| 534|0x00000000a1600000, 0x00000000a1600000, 0x00000000a1700000|  0%| F|  |TAMS 0x00000000a1600000| PB 0x00000000a1600000| Untracked |  0
| 535|0x00000000a1700000, 0x00000000a1700000, 0x00000000a1800000|  0%| F|  |TAMS 0x00000000a1700000| PB 0x00000000a1700000| Untracked |  0
| 536|0x00000000a1800000, 0x00000000a1800000, 0x00000000a1900000|  0%| F|  |TAMS 0x00000000a1800000| PB 0x00000000a1800000| Untracked |  0
| 537|0x00000000a1900000, 0x00000000a1900000, 0x00000000a1a00000|  0%| F|  |TAMS 0x00000000a1900000| PB 0x00000000a1900000| Untracked |  0
| 538|0x00000000a1a00000, 0x00000000a1a00000, 0x00000000a1b00000|  0%| F|  |TAMS 0x00000000a1a00000| PB 0x00000000a1a00000| Untracked |  0
| 539|0x00000000a1b00000, 0x00000000a1b00000, 0x00000000a1c00000|  0%| F|  |TAMS 0x00000000a1b00000| PB 0x00000000a1b00000| Untracked |  0
| 540|0x00000000a1c00000, 0x00000000a1c00000, 0x00000000a1d00000|  0%| F|  |TAMS 0x00000000a1c00000| PB 0x00000000a1c00000| Untracked |  0
| 541|0x00000000a1d00000, 0x00000000a1d00000, 0x00000000a1e00000|  0%| F|  |TAMS 0x00000000a1d00000| PB 0x00000000a1d00000| Untracked |  0
| 542|0x00000000a1e00000, 0x00000000a1e00000, 0x00000000a1f00000|  0%| F|  |TAMS 0x00000000a1e00000| PB 0x00000000a1e00000| Untracked |  0
| 543|0x00000000a1f00000, 0x00000000a1f00000, 0x00000000a2000000|  0%| F|  |TAMS 0x00000000a1f00000| PB 0x00000000a1f00000| Untracked |  0
| 544|0x00000000a2000000, 0x00000000a2000000, 0x00000000a2100000|  0%| F|  |TAMS 0x00000000a2000000| PB 0x00000000a2000000| Untracked |  0
| 545|0x00000000a2100000, 0x00000000a2100000, 0x00000000a2200000|  0%| F|  |TAMS 0x00000000a2100000| PB 0x00000000a2100000| Untracked |  0
| 546|0x00000000a2200000, 0x00000000a2200000, 0x00000000a2300000|  0%| F|  |TAMS 0x00000000a2200000| PB 0x00000000a2200000| Untracked |  0
| 547|0x00000000a2300000, 0x00000000a2300000, 0x00000000a2400000|  0%| F|  |TAMS 0x00000000a2300000| PB 0x00000000a2300000| Untracked |  0
| 548|0x00000000a2400000, 0x00000000a2400000, 0x00000000a2500000|  0%| F|  |TAMS 0x00000000a2400000| PB 0x00000000a2400000| Untracked |  0
| 549|0x00000000a2500000, 0x00000000a2500000, 0x00000000a2600000|  0%| F|  |TAMS 0x00000000a2500000| PB 0x00000000a2500000| Untracked |  0
| 550|0x00000000a2600000, 0x00000000a2600000, 0x00000000a2700000|  0%| F|  |TAMS 0x00000000a2600000| PB 0x00000000a2600000| Untracked |  0
| 551|0x00000000a2700000, 0x00000000a2700000, 0x00000000a2800000|  0%| F|  |TAMS 0x00000000a2700000| PB 0x00000000a2700000| Untracked |  0
| 552|0x00000000a2800000, 0x00000000a2900000, 0x00000000a2900000|100%| O|  |TAMS 0x00000000a2800000| PB 0x00000000a2800000| Untracked |  0
| 553|0x00000000a2900000, 0x00000000a2a00000, 0x00000000a2a00000|100%| O|  |TAMS 0x00000000a2900000| PB 0x00000000a2900000| Untracked |  0
| 554|0x00000000a2a00000, 0x00000000a2b00000, 0x00000000a2b00000|100%| O|  |TAMS 0x00000000a2a00000| PB 0x00000000a2a00000| Untracked |  0
| 555|0x00000000a2b00000, 0x00000000a2b00000, 0x00000000a2c00000|  0%| F|  |TAMS 0x00000000a2b00000| PB 0x00000000a2b00000| Untracked |  0
| 556|0x00000000a2c00000, 0x00000000a2d00000, 0x00000000a2d00000|100%| O|  |TAMS 0x00000000a2c00000| PB 0x00000000a2c00000| Untracked |  0
| 557|0x00000000a2d00000, 0x00000000a2d00000, 0x00000000a2e00000|  0%| F|  |TAMS 0x00000000a2d00000| PB 0x00000000a2d00000| Untracked |  0
| 558|0x00000000a2e00000, 0x00000000a2e00000, 0x00000000a2f00000|  0%| F|  |TAMS 0x00000000a2e00000| PB 0x00000000a2e00000| Untracked |  0
| 559|0x00000000a2f00000, 0x00000000a2f00000, 0x00000000a3000000|  0%| F|  |TAMS 0x00000000a2f00000| PB 0x00000000a2f00000| Untracked |  0
| 560|0x00000000a3000000, 0x00000000a3000000, 0x00000000a3100000|  0%| F|  |TAMS 0x00000000a3000000| PB 0x00000000a3000000| Untracked |  0
| 561|0x00000000a3100000, 0x00000000a3100000, 0x00000000a3200000|  0%| F|  |TAMS 0x00000000a3100000| PB 0x00000000a3100000| Untracked |  0
| 562|0x00000000a3200000, 0x00000000a3200000, 0x00000000a3300000|  0%| F|  |TAMS 0x00000000a3200000| PB 0x00000000a3200000| Untracked |  0
| 563|0x00000000a3300000, 0x00000000a3300000, 0x00000000a3400000|  0%| F|  |TAMS 0x00000000a3300000| PB 0x00000000a3300000| Untracked |  0
| 564|0x00000000a3400000, 0x00000000a3400000, 0x00000000a3500000|  0%| F|  |TAMS 0x00000000a3400000| PB 0x00000000a3400000| Untracked |  0
| 565|0x00000000a3500000, 0x00000000a3500000, 0x00000000a3600000|  0%| F|  |TAMS 0x00000000a3500000| PB 0x00000000a3500000| Untracked |  0
| 566|0x00000000a3600000, 0x00000000a3600000, 0x00000000a3700000|  0%| F|  |TAMS 0x00000000a3600000| PB 0x00000000a3600000| Untracked |  0
| 567|0x00000000a3700000, 0x00000000a3700000, 0x00000000a3800000|  0%| F|  |TAMS 0x00000000a3700000| PB 0x00000000a3700000| Untracked |  0
| 568|0x00000000a3800000, 0x00000000a3800000, 0x00000000a3900000|  0%| F|  |TAMS 0x00000000a3800000| PB 0x00000000a3800000| Untracked |  0
| 569|0x00000000a3900000, 0x00000000a3900000, 0x00000000a3a00000|  0%| F|  |TAMS 0x00000000a3900000| PB 0x00000000a3900000| Untracked |  0
| 570|0x00000000a3a00000, 0x00000000a3a00000, 0x00000000a3b00000|  0%| F|  |TAMS 0x00000000a3a00000| PB 0x00000000a3a00000| Untracked |  0
| 571|0x00000000a3b00000, 0x00000000a3b00000, 0x00000000a3c00000|  0%| F|  |TAMS 0x00000000a3b00000| PB 0x00000000a3b00000| Untracked |  0
| 572|0x00000000a3c00000, 0x00000000a3c00000, 0x00000000a3d00000|  0%| F|  |TAMS 0x00000000a3c00000| PB 0x00000000a3c00000| Untracked |  0
| 573|0x00000000a3d00000, 0x00000000a3d00000, 0x00000000a3e00000|  0%| F|  |TAMS 0x00000000a3d00000| PB 0x00000000a3d00000| Untracked |  0
| 574|0x00000000a3e00000, 0x00000000a3e00000, 0x00000000a3f00000|  0%| F|  |TAMS 0x00000000a3e00000| PB 0x00000000a3e00000| Untracked |  0
| 575|0x00000000a3f00000, 0x00000000a3f00000, 0x00000000a4000000|  0%| F|  |TAMS 0x00000000a3f00000| PB 0x00000000a3f00000| Untracked |  0
| 576|0x00000000a4000000, 0x00000000a4000000, 0x00000000a4100000|  0%| F|  |TAMS 0x00000000a4000000| PB 0x00000000a4000000| Untracked |  0
| 577|0x00000000a4100000, 0x00000000a4100000, 0x00000000a4200000|  0%| F|  |TAMS 0x00000000a4100000| PB 0x00000000a4100000| Untracked |  0
| 578|0x00000000a4200000, 0x00000000a4200000, 0x00000000a4300000|  0%| F|  |TAMS 0x00000000a4200000| PB 0x00000000a4200000| Untracked |  0
| 579|0x00000000a4300000, 0x00000000a4300000, 0x00000000a4400000|  0%| F|  |TAMS 0x00000000a4300000| PB 0x00000000a4300000| Untracked |  0
| 580|0x00000000a4400000, 0x00000000a4400000, 0x00000000a4500000|  0%| F|  |TAMS 0x00000000a4400000| PB 0x00000000a4400000| Untracked |  0
| 581|0x00000000a4500000, 0x00000000a4500000, 0x00000000a4600000|  0%| F|  |TAMS 0x00000000a4500000| PB 0x00000000a4500000| Untracked |  0
| 582|0x00000000a4600000, 0x00000000a4600000, 0x00000000a4700000|  0%| F|  |TAMS 0x00000000a4600000| PB 0x00000000a4600000| Untracked |  0
| 583|0x00000000a4700000, 0x00000000a4700000, 0x00000000a4800000|  0%| F|  |TAMS 0x00000000a4700000| PB 0x00000000a4700000| Untracked |  0
| 584|0x00000000a4800000, 0x00000000a4800000, 0x00000000a4900000|  0%| F|  |TAMS 0x00000000a4800000| PB 0x00000000a4800000| Untracked |  0
| 585|0x00000000a4900000, 0x00000000a4900000, 0x00000000a4a00000|  0%| F|  |TAMS 0x00000000a4900000| PB 0x00000000a4900000| Untracked |  0
| 586|0x00000000a4a00000, 0x00000000a4a00000, 0x00000000a4b00000|  0%| F|  |TAMS 0x00000000a4a00000| PB 0x00000000a4a00000| Untracked |  0
| 587|0x00000000a4b00000, 0x00000000a4b00000, 0x00000000a4c00000|  0%| F|  |TAMS 0x00000000a4b00000| PB 0x00000000a4b00000| Untracked |  0
| 588|0x00000000a4c00000, 0x00000000a4c00000, 0x00000000a4d00000|  0%| F|  |TAMS 0x00000000a4c00000| PB 0x00000000a4c00000| Untracked |  0
| 589|0x00000000a4d00000, 0x00000000a4d00000, 0x00000000a4e00000|  0%| F|  |TAMS 0x00000000a4d00000| PB 0x00000000a4d00000| Untracked |  0
| 590|0x00000000a4e00000, 0x00000000a4e00000, 0x00000000a4f00000|  0%| F|  |TAMS 0x00000000a4e00000| PB 0x00000000a4e00000| Untracked |  0
| 591|0x00000000a4f00000, 0x00000000a4f00000, 0x00000000a5000000|  0%| F|  |TAMS 0x00000000a4f00000| PB 0x00000000a4f00000| Untracked |  0
| 592|0x00000000a5000000, 0x00000000a5000000, 0x00000000a5100000|  0%| F|  |TAMS 0x00000000a5000000| PB 0x00000000a5000000| Untracked |  0
| 593|0x00000000a5100000, 0x00000000a5100000, 0x00000000a5200000|  0%| F|  |TAMS 0x00000000a5100000| PB 0x00000000a5100000| Untracked |  0
| 594|0x00000000a5200000, 0x00000000a5200000, 0x00000000a5300000|  0%| F|  |TAMS 0x00000000a5200000| PB 0x00000000a5200000| Untracked |  0
| 595|0x00000000a5300000, 0x00000000a5300000, 0x00000000a5400000|  0%| F|  |TAMS 0x00000000a5300000| PB 0x00000000a5300000| Untracked |  0
| 596|0x00000000a5400000, 0x00000000a5400000, 0x00000000a5500000|  0%| F|  |TAMS 0x00000000a5400000| PB 0x00000000a5400000| Untracked |  0
| 597|0x00000000a5500000, 0x00000000a5500000, 0x00000000a5600000|  0%| F|  |TAMS 0x00000000a5500000| PB 0x00000000a5500000| Untracked |  0
| 598|0x00000000a5600000, 0x00000000a5600000, 0x00000000a5700000|  0%| F|  |TAMS 0x00000000a5600000| PB 0x00000000a5600000| Untracked |  0
| 599|0x00000000a5700000, 0x00000000a5700000, 0x00000000a5800000|  0%| F|  |TAMS 0x00000000a5700000| PB 0x00000000a5700000| Untracked |  0
| 600|0x00000000a5800000, 0x00000000a5800000, 0x00000000a5900000|  0%| F|  |TAMS 0x00000000a5800000| PB 0x00000000a5800000| Untracked |  0
| 601|0x00000000a5900000, 0x00000000a5900000, 0x00000000a5a00000|  0%| F|  |TAMS 0x00000000a5900000| PB 0x00000000a5900000| Untracked |  0
| 602|0x00000000a5a00000, 0x00000000a5a00000, 0x00000000a5b00000|  0%| F|  |TAMS 0x00000000a5a00000| PB 0x00000000a5a00000| Untracked |  0
| 603|0x00000000a5b00000, 0x00000000a5b00000, 0x00000000a5c00000|  0%| F|  |TAMS 0x00000000a5b00000| PB 0x00000000a5b00000| Untracked |  0
| 604|0x00000000a5c00000, 0x00000000a5c00000, 0x00000000a5d00000|  0%| F|  |TAMS 0x00000000a5c00000| PB 0x00000000a5c00000| Untracked |  0
| 605|0x00000000a5d00000, 0x00000000a5d00000, 0x00000000a5e00000|  0%| F|  |TAMS 0x00000000a5d00000| PB 0x00000000a5d00000| Untracked |  0
| 606|0x00000000a5e00000, 0x00000000a5e00000, 0x00000000a5f00000|  0%| F|  |TAMS 0x00000000a5e00000| PB 0x00000000a5e00000| Untracked |  0
| 607|0x00000000a5f00000, 0x00000000a5f00000, 0x00000000a6000000|  0%| F|  |TAMS 0x00000000a5f00000| PB 0x00000000a5f00000| Untracked |  0
| 608|0x00000000a6000000, 0x00000000a6000000, 0x00000000a6100000|  0%| F|  |TAMS 0x00000000a6000000| PB 0x00000000a6000000| Untracked |  0
| 609|0x00000000a6100000, 0x00000000a6100000, 0x00000000a6200000|  0%| F|  |TAMS 0x00000000a6100000| PB 0x00000000a6100000| Untracked |  0
| 610|0x00000000a6200000, 0x00000000a6200000, 0x00000000a6300000|  0%| F|  |TAMS 0x00000000a6200000| PB 0x00000000a6200000| Untracked |  0
| 611|0x00000000a6300000, 0x00000000a6300000, 0x00000000a6400000|  0%| F|  |TAMS 0x00000000a6300000| PB 0x00000000a6300000| Untracked |  0
| 612|0x00000000a6400000, 0x00000000a6400000, 0x00000000a6500000|  0%| F|  |TAMS 0x00000000a6400000| PB 0x00000000a6400000| Untracked |  0
| 613|0x00000000a6500000, 0x00000000a6500000, 0x00000000a6600000|  0%| F|  |TAMS 0x00000000a6500000| PB 0x00000000a6500000| Untracked |  0
| 614|0x00000000a6600000, 0x00000000a6600000, 0x00000000a6700000|  0%| F|  |TAMS 0x00000000a6600000| PB 0x00000000a6600000| Untracked |  0
| 615|0x00000000a6700000, 0x00000000a6700000, 0x00000000a6800000|  0%| F|  |TAMS 0x00000000a6700000| PB 0x00000000a6700000| Untracked |  0
| 616|0x00000000a6800000, 0x00000000a6800000, 0x00000000a6900000|  0%| F|  |TAMS 0x00000000a6800000| PB 0x00000000a6800000| Untracked |  0
| 617|0x00000000a6900000, 0x00000000a6900000, 0x00000000a6a00000|  0%| F|  |TAMS 0x00000000a6900000| PB 0x00000000a6900000| Untracked |  0
| 618|0x00000000a6a00000, 0x00000000a6a00000, 0x00000000a6b00000|  0%| F|  |TAMS 0x00000000a6a00000| PB 0x00000000a6a00000| Untracked |  0
| 619|0x00000000a6b00000, 0x00000000a6b00000, 0x00000000a6c00000|  0%| F|  |TAMS 0x00000000a6b00000| PB 0x00000000a6b00000| Untracked |  0
| 620|0x00000000a6c00000, 0x00000000a6c00000, 0x00000000a6d00000|  0%| F|  |TAMS 0x00000000a6c00000| PB 0x00000000a6c00000| Untracked |  0
| 621|0x00000000a6d00000, 0x00000000a6d00000, 0x00000000a6e00000|  0%| F|  |TAMS 0x00000000a6d00000| PB 0x00000000a6d00000| Untracked |  0
| 622|0x00000000a6e00000, 0x00000000a6e00000, 0x00000000a6f00000|  0%| F|  |TAMS 0x00000000a6e00000| PB 0x00000000a6e00000| Untracked |  0
| 623|0x00000000a6f00000, 0x00000000a6f00000, 0x00000000a7000000|  0%| F|  |TAMS 0x00000000a6f00000| PB 0x00000000a6f00000| Untracked |  0
| 624|0x00000000a7000000, 0x00000000a7000000, 0x00000000a7100000|  0%| F|  |TAMS 0x00000000a7000000| PB 0x00000000a7000000| Untracked |  0
| 625|0x00000000a7100000, 0x00000000a7100000, 0x00000000a7200000|  0%| F|  |TAMS 0x00000000a7100000| PB 0x00000000a7100000| Untracked |  0
| 626|0x00000000a7200000, 0x00000000a7200000, 0x00000000a7300000|  0%| F|  |TAMS 0x00000000a7200000| PB 0x00000000a7200000| Untracked |  0
| 627|0x00000000a7300000, 0x00000000a7300000, 0x00000000a7400000|  0%| F|  |TAMS 0x00000000a7300000| PB 0x00000000a7300000| Untracked |  0
| 628|0x00000000a7400000, 0x00000000a7400000, 0x00000000a7500000|  0%| F|  |TAMS 0x00000000a7400000| PB 0x00000000a7400000| Untracked |  0
| 629|0x00000000a7500000, 0x00000000a7500000, 0x00000000a7600000|  0%| F|  |TAMS 0x00000000a7500000| PB 0x00000000a7500000| Untracked |  0
| 630|0x00000000a7600000, 0x00000000a7600000, 0x00000000a7700000|  0%| F|  |TAMS 0x00000000a7600000| PB 0x00000000a7600000| Untracked |  0
| 631|0x00000000a7700000, 0x00000000a7700000, 0x00000000a7800000|  0%| F|  |TAMS 0x00000000a7700000| PB 0x00000000a7700000| Untracked |  0
| 632|0x00000000a7800000, 0x00000000a7800000, 0x00000000a7900000|  0%| F|  |TAMS 0x00000000a7800000| PB 0x00000000a7800000| Untracked |  0
| 633|0x00000000a7900000, 0x00000000a7900000, 0x00000000a7a00000|  0%| F|  |TAMS 0x00000000a7900000| PB 0x00000000a7900000| Untracked |  0
| 634|0x00000000a7a00000, 0x00000000a7a00000, 0x00000000a7b00000|  0%| F|  |TAMS 0x00000000a7a00000| PB 0x00000000a7a00000| Untracked |  0
| 635|0x00000000a7b00000, 0x00000000a7b80000, 0x00000000a7c00000| 50%| E|  |TAMS 0x00000000a7b00000| PB 0x00000000a7b00000| Complete |  0
| 636|0x00000000a7c00000, 0x00000000a7d00000, 0x00000000a7d00000|100%| E|CS|TAMS 0x00000000a7c00000| PB 0x00000000a7c00000| Complete |  0
| 637|0x00000000a7d00000, 0x00000000a7e00000, 0x00000000a7e00000|100%| E|CS|TAMS 0x00000000a7d00000| PB 0x00000000a7d00000| Complete |  0
| 638|0x00000000a7e00000, 0x00000000a7f00000, 0x00000000a7f00000|100%| E|CS|TAMS 0x00000000a7e00000| PB 0x00000000a7e00000| Complete |  0
| 639|0x00000000a7f00000, 0x00000000a8000000, 0x00000000a8000000|100%| E|CS|TAMS 0x00000000a7f00000| PB 0x00000000a7f00000| Complete |  0
| 640|0x00000000a8000000, 0x00000000a8100000, 0x00000000a8100000|100%| E|CS|TAMS 0x00000000a8000000| PB 0x00000000a8000000| Complete |  0
| 641|0x00000000a8100000, 0x00000000a8200000, 0x00000000a8200000|100%| E|CS|TAMS 0x00000000a8100000| PB 0x00000000a8100000| Complete |  0
| 642|0x00000000a8200000, 0x00000000a8300000, 0x00000000a8300000|100%| E|CS|TAMS 0x00000000a8200000| PB 0x00000000a8200000| Complete |  0
| 643|0x00000000a8300000, 0x00000000a8400000, 0x00000000a8400000|100%| E|CS|TAMS 0x00000000a8300000| PB 0x00000000a8300000| Complete |  0
| 644|0x00000000a8400000, 0x00000000a8500000, 0x00000000a8500000|100%| E|CS|TAMS 0x00000000a8400000| PB 0x00000000a8400000| Complete |  0
| 645|0x00000000a8500000, 0x00000000a8600000, 0x00000000a8600000|100%| E|CS|TAMS 0x00000000a8500000| PB 0x00000000a8500000| Complete |  0
| 646|0x00000000a8600000, 0x00000000a8700000, 0x00000000a8700000|100%| E|CS|TAMS 0x00000000a8600000| PB 0x00000000a8600000| Complete |  0
| 647|0x00000000a8700000, 0x00000000a8800000, 0x00000000a8800000|100%| E|CS|TAMS 0x00000000a8700000| PB 0x00000000a8700000| Complete |  0
| 648|0x00000000a8800000, 0x00000000a8900000, 0x00000000a8900000|100%| E|CS|TAMS 0x00000000a8800000| PB 0x00000000a8800000| Complete |  0
| 649|0x00000000a8900000, 0x00000000a8a00000, 0x00000000a8a00000|100%| E|CS|TAMS 0x00000000a8900000| PB 0x00000000a8900000| Complete |  0
| 650|0x00000000a8a00000, 0x00000000a8b00000, 0x00000000a8b00000|100%| E|CS|TAMS 0x00000000a8a00000| PB 0x00000000a8a00000| Complete |  0
| 651|0x00000000a8b00000, 0x00000000a8c00000, 0x00000000a8c00000|100%| E|CS|TAMS 0x00000000a8b00000| PB 0x00000000a8b00000| Complete |  0
| 652|0x00000000a8c00000, 0x00000000a8d00000, 0x00000000a8d00000|100%| E|CS|TAMS 0x00000000a8c00000| PB 0x00000000a8c00000| Complete |  0
| 653|0x00000000a8d00000, 0x00000000a8e00000, 0x00000000a8e00000|100%| E|CS|TAMS 0x00000000a8d00000| PB 0x00000000a8d00000| Complete |  0
| 654|0x00000000a8e00000, 0x00000000a8f00000, 0x00000000a8f00000|100%| E|CS|TAMS 0x00000000a8e00000| PB 0x00000000a8e00000| Complete |  0
| 655|0x00000000a8f00000, 0x00000000a9000000, 0x00000000a9000000|100%| E|CS|TAMS 0x00000000a8f00000| PB 0x00000000a8f00000| Complete |  0
| 656|0x00000000a9000000, 0x00000000a9100000, 0x00000000a9100000|100%| E|CS|TAMS 0x00000000a9000000| PB 0x00000000a9000000| Complete |  0
| 657|0x00000000a9100000, 0x00000000a9200000, 0x00000000a9200000|100%| E|CS|TAMS 0x00000000a9100000| PB 0x00000000a9100000| Complete |  0
| 658|0x00000000a9200000, 0x00000000a9300000, 0x00000000a9300000|100%| E|CS|TAMS 0x00000000a9200000| PB 0x00000000a9200000| Complete |  0
| 659|0x00000000a9300000, 0x00000000a9400000, 0x00000000a9400000|100%| E|CS|TAMS 0x00000000a9300000| PB 0x00000000a9300000| Complete |  0
| 660|0x00000000a9400000, 0x00000000a9500000, 0x00000000a9500000|100%| E|CS|TAMS 0x00000000a9400000| PB 0x00000000a9400000| Complete |  0
| 661|0x00000000a9500000, 0x00000000a9600000, 0x00000000a9600000|100%| E|CS|TAMS 0x00000000a9500000| PB 0x00000000a9500000| Complete |  0
| 662|0x00000000a9600000, 0x00000000a9700000, 0x00000000a9700000|100%| E|CS|TAMS 0x00000000a9600000| PB 0x00000000a9600000| Complete |  0
| 663|0x00000000a9700000, 0x00000000a9800000, 0x00000000a9800000|100%| E|CS|TAMS 0x00000000a9700000| PB 0x00000000a9700000| Complete |  0
| 664|0x00000000a9800000, 0x00000000a9900000, 0x00000000a9900000|100%| E|CS|TAMS 0x00000000a9800000| PB 0x00000000a9800000| Complete |  0
| 665|0x00000000a9900000, 0x00000000a9a00000, 0x00000000a9a00000|100%| E|CS|TAMS 0x00000000a9900000| PB 0x00000000a9900000| Complete |  0
| 666|0x00000000a9a00000, 0x00000000a9b00000, 0x00000000a9b00000|100%| E|CS|TAMS 0x00000000a9a00000| PB 0x00000000a9a00000| Complete |  0
| 667|0x00000000a9b00000, 0x00000000a9bffc90, 0x00000000a9c00000| 99%| E|  |TAMS 0x00000000a9b00000| PB 0x00000000a9b00000| Complete |  0
| 668|0x00000000a9c00000, 0x00000000a9d00000, 0x00000000a9d00000|100%| E|CS|TAMS 0x00000000a9c00000| PB 0x00000000a9c00000| Complete |  0
| 669|0x00000000a9d00000, 0x00000000a9e00000, 0x00000000a9e00000|100%| E|CS|TAMS 0x00000000a9d00000| PB 0x00000000a9d00000| Complete |  0
| 670|0x00000000a9e00000, 0x00000000a9f00000, 0x00000000a9f00000|100%| E|CS|TAMS 0x00000000a9e00000| PB 0x00000000a9e00000| Complete |  0
| 671|0x00000000a9f00000, 0x00000000aa000000, 0x00000000aa000000|100%| E|CS|TAMS 0x00000000a9f00000| PB 0x00000000a9f00000| Complete |  0
| 672|0x00000000aa000000, 0x00000000aa100000, 0x00000000aa100000|100%| E|CS|TAMS 0x00000000aa000000| PB 0x00000000aa000000| Complete |  0
| 673|0x00000000aa100000, 0x00000000aa200000, 0x00000000aa200000|100%| E|CS|TAMS 0x00000000aa100000| PB 0x00000000aa100000| Complete |  0
| 674|0x00000000aa200000, 0x00000000aa300000, 0x00000000aa300000|100%| E|CS|TAMS 0x00000000aa200000| PB 0x00000000aa200000| Complete |  0
| 675|0x00000000aa300000, 0x00000000aa400000, 0x00000000aa400000|100%| E|CS|TAMS 0x00000000aa300000| PB 0x00000000aa300000| Complete |  0
| 676|0x00000000aa400000, 0x00000000aa500000, 0x00000000aa500000|100%| E|CS|TAMS 0x00000000aa400000| PB 0x00000000aa400000| Complete |  0
| 677|0x00000000aa500000, 0x00000000aa600000, 0x00000000aa600000|100%| E|CS|TAMS 0x00000000aa500000| PB 0x00000000aa500000| Complete |  0
| 678|0x00000000aa600000, 0x00000000aa700000, 0x00000000aa700000|100%| E|CS|TAMS 0x00000000aa600000| PB 0x00000000aa600000| Complete |  0
| 679|0x00000000aa700000, 0x00000000aa800000, 0x00000000aa800000|100%| E|CS|TAMS 0x00000000aa700000| PB 0x00000000aa700000| Complete |  0
| 680|0x00000000aa800000, 0x00000000aa900000, 0x00000000aa900000|100%| E|CS|TAMS 0x00000000aa800000| PB 0x00000000aa800000| Complete |  0
| 681|0x00000000aa900000, 0x00000000aaa00000, 0x00000000aaa00000|100%| E|CS|TAMS 0x00000000aa900000| PB 0x00000000aa900000| Complete |  0
| 682|0x00000000aaa00000, 0x00000000aab00000, 0x00000000aab00000|100%| E|CS|TAMS 0x00000000aaa00000| PB 0x00000000aaa00000| Complete |  0
| 683|0x00000000aab00000, 0x00000000aac00000, 0x00000000aac00000|100%| E|CS|TAMS 0x00000000aab00000| PB 0x00000000aab00000| Complete |  0
| 684|0x00000000aac00000, 0x00000000aad00000, 0x00000000aad00000|100%| E|CS|TAMS 0x00000000aac00000| PB 0x00000000aac00000| Complete |  0
| 685|0x00000000aad00000, 0x00000000aae00000, 0x00000000aae00000|100%| E|CS|TAMS 0x00000000aad00000| PB 0x00000000aad00000| Complete |  0
| 686|0x00000000aae00000, 0x00000000aaf00000, 0x00000000aaf00000|100%| E|CS|TAMS 0x00000000aae00000| PB 0x00000000aae00000| Complete |  0
| 687|0x00000000aaf00000, 0x00000000ab000000, 0x00000000ab000000|100%| E|CS|TAMS 0x00000000aaf00000| PB 0x00000000aaf00000| Complete |  0
| 688|0x00000000ab000000, 0x00000000ab100000, 0x00000000ab100000|100%| E|CS|TAMS 0x00000000ab000000| PB 0x00000000ab000000| Complete |  0
| 689|0x00000000ab100000, 0x00000000ab200000, 0x00000000ab200000|100%| E|CS|TAMS 0x00000000ab100000| PB 0x00000000ab100000| Complete |  0
| 690|0x00000000ab200000, 0x00000000ab300000, 0x00000000ab300000|100%| E|CS|TAMS 0x00000000ab200000| PB 0x00000000ab200000| Complete |  0
| 691|0x00000000ab300000, 0x00000000ab400000, 0x00000000ab400000|100%| E|CS|TAMS 0x00000000ab300000| PB 0x00000000ab300000| Complete |  0
| 692|0x00000000ab400000, 0x00000000ab500000, 0x00000000ab500000|100%| S|CS|TAMS 0x00000000ab400000| PB 0x00000000ab400000| Complete |  0
| 693|0x00000000ab500000, 0x00000000ab600000, 0x00000000ab600000|100%| S|CS|TAMS 0x00000000ab500000| PB 0x00000000ab500000| Complete |  0
| 694|0x00000000ab600000, 0x00000000ab700000, 0x00000000ab700000|100%| S|CS|TAMS 0x00000000ab600000| PB 0x00000000ab600000| Complete |  0
| 695|0x00000000ab700000, 0x00000000ab800000, 0x00000000ab800000|100%| S|CS|TAMS 0x00000000ab700000| PB 0x00000000ab700000| Complete |  0
| 696|0x00000000ab800000, 0x00000000ab900000, 0x00000000ab900000|100%| S|CS|TAMS 0x00000000ab800000| PB 0x00000000ab800000| Complete |  0
| 697|0x00000000ab900000, 0x00000000aba00000, 0x00000000aba00000|100%| S|CS|TAMS 0x00000000ab900000| PB 0x00000000ab900000| Complete |  0
| 698|0x00000000aba00000, 0x00000000abb00000, 0x00000000abb00000|100%| S|CS|TAMS 0x00000000aba00000| PB 0x00000000aba00000| Complete |  0
| 699|0x00000000abb00000, 0x00000000abc00000, 0x00000000abc00000|100%| S|CS|TAMS 0x00000000abb00000| PB 0x00000000abb00000| Complete |  0
| 700|0x00000000abc00000, 0x00000000abd00000, 0x00000000abd00000|100%| S|CS|TAMS 0x00000000abc00000| PB 0x00000000abc00000| Complete |  0
| 701|0x00000000abd00000, 0x00000000abe00000, 0x00000000abe00000|100%| S|CS|TAMS 0x00000000abd00000| PB 0x00000000abd00000| Complete |  0
| 702|0x00000000abe00000, 0x00000000abf00000, 0x00000000abf00000|100%| S|CS|TAMS 0x00000000abe00000| PB 0x00000000abe00000| Complete |  0
| 703|0x00000000abf00000, 0x00000000ac000000, 0x00000000ac000000|100%| S|CS|TAMS 0x00000000abf00000| PB 0x00000000abf00000| Complete |  0
| 704|0x00000000ac000000, 0x00000000ac100000, 0x00000000ac100000|100%| S|CS|TAMS 0x00000000ac000000| PB 0x00000000ac000000| Complete |  0
| 705|0x00000000ac100000, 0x00000000ac200000, 0x00000000ac200000|100%| S|CS|TAMS 0x00000000ac100000| PB 0x00000000ac100000| Complete |  0
| 706|0x00000000ac200000, 0x00000000ac300000, 0x00000000ac300000|100%| S|CS|TAMS 0x00000000ac200000| PB 0x00000000ac200000| Complete |  0
| 707|0x00000000ac300000, 0x00000000ac400000, 0x00000000ac400000|100%| S|CS|TAMS 0x00000000ac300000| PB 0x00000000ac300000| Complete |  0
| 708|0x00000000ac400000, 0x00000000ac500000, 0x00000000ac500000|100%| S|CS|TAMS 0x00000000ac400000| PB 0x00000000ac400000| Complete |  0
| 709|0x00000000ac500000, 0x00000000ac600000, 0x00000000ac600000|100%| S|CS|TAMS 0x00000000ac500000| PB 0x00000000ac500000| Complete |  0
| 710|0x00000000ac600000, 0x00000000ac700000, 0x00000000ac700000|100%| S|CS|TAMS 0x00000000ac600000| PB 0x00000000ac600000| Complete |  0
| 711|0x00000000ac700000, 0x00000000ac800000, 0x00000000ac800000|100%| S|CS|TAMS 0x00000000ac700000| PB 0x00000000ac700000| Complete |  0
| 712|0x00000000ac800000, 0x00000000ac900000, 0x00000000ac900000|100%| S|CS|TAMS 0x00000000ac800000| PB 0x00000000ac800000| Complete |  0
| 713|0x00000000ac900000, 0x00000000aca00000, 0x00000000aca00000|100%| S|CS|TAMS 0x00000000ac900000| PB 0x00000000ac900000| Complete |  0
| 714|0x00000000aca00000, 0x00000000acb00000, 0x00000000acb00000|100%| S|CS|TAMS 0x00000000aca00000| PB 0x00000000aca00000| Complete |  0
| 715|0x00000000acb00000, 0x00000000acc00000, 0x00000000acc00000|100%| S|CS|TAMS 0x00000000acb00000| PB 0x00000000acb00000| Complete |  0
| 716|0x00000000acc00000, 0x00000000acd00000, 0x00000000acd00000|100%| S|CS|TAMS 0x00000000acc00000| PB 0x00000000acc00000| Complete |  0
| 717|0x00000000acd00000, 0x00000000ace00000, 0x00000000ace00000|100%| S|CS|TAMS 0x00000000acd00000| PB 0x00000000acd00000| Complete |  0
| 718|0x00000000ace00000, 0x00000000acf00000, 0x00000000acf00000|100%| E|CS|TAMS 0x00000000ace00000| PB 0x00000000ace00000| Complete |  0
| 719|0x00000000acf00000, 0x00000000ad000000, 0x00000000ad000000|100%| E|CS|TAMS 0x00000000acf00000| PB 0x00000000acf00000| Complete |  0
| 720|0x00000000ad000000, 0x00000000ad100000, 0x00000000ad100000|100%| E|CS|TAMS 0x00000000ad000000| PB 0x00000000ad000000| Complete |  0
| 721|0x00000000ad100000, 0x00000000ad200000, 0x00000000ad200000|100%| E|CS|TAMS 0x00000000ad100000| PB 0x00000000ad100000| Complete |  0
| 722|0x00000000ad200000, 0x00000000ad300000, 0x00000000ad300000|100%| E|CS|TAMS 0x00000000ad200000| PB 0x00000000ad200000| Complete |  0
| 723|0x00000000ad300000, 0x00000000ad400000, 0x00000000ad400000|100%| E|CS|TAMS 0x00000000ad300000| PB 0x00000000ad300000| Complete |  0
| 724|0x00000000ad400000, 0x00000000ad500000, 0x00000000ad500000|100%| E|CS|TAMS 0x00000000ad400000| PB 0x00000000ad400000| Complete |  0
| 725|0x00000000ad500000, 0x00000000ad600000, 0x00000000ad600000|100%| E|CS|TAMS 0x00000000ad500000| PB 0x00000000ad500000| Complete |  0
| 726|0x00000000ad600000, 0x00000000ad700000, 0x00000000ad700000|100%| E|CS|TAMS 0x00000000ad600000| PB 0x00000000ad600000| Complete |  0
| 727|0x00000000ad700000, 0x00000000ad800000, 0x00000000ad800000|100%| E|CS|TAMS 0x00000000ad700000| PB 0x00000000ad700000| Complete |  0
| 728|0x00000000ad800000, 0x00000000ad900000, 0x00000000ad900000|100%| E|CS|TAMS 0x00000000ad800000| PB 0x00000000ad800000| Complete |  0
| 729|0x00000000ad900000, 0x00000000ada00000, 0x00000000ada00000|100%| E|CS|TAMS 0x00000000ad900000| PB 0x00000000ad900000| Complete |  0
| 730|0x00000000ada00000, 0x00000000adb00000, 0x00000000adb00000|100%| E|CS|TAMS 0x00000000ada00000| PB 0x00000000ada00000| Complete |  0
| 731|0x00000000adb00000, 0x00000000adc00000, 0x00000000adc00000|100%| E|CS|TAMS 0x00000000adb00000| PB 0x00000000adb00000| Complete |  0
| 732|0x00000000adc00000, 0x00000000add00000, 0x00000000add00000|100%| E|CS|TAMS 0x00000000adc00000| PB 0x00000000adc00000| Complete |  0
| 733|0x00000000add00000, 0x00000000ade00000, 0x00000000ade00000|100%| E|CS|TAMS 0x00000000add00000| PB 0x00000000add00000| Complete |  0
| 734|0x00000000ade00000, 0x00000000adf00000, 0x00000000adf00000|100%| E|CS|TAMS 0x00000000ade00000| PB 0x00000000ade00000| Complete |  0
| 735|0x00000000adf00000, 0x00000000ae000000, 0x00000000ae000000|100%| E|CS|TAMS 0x00000000adf00000| PB 0x00000000adf00000| Complete |  0
| 736|0x00000000ae000000, 0x00000000ae100000, 0x00000000ae100000|100%| E|CS|TAMS 0x00000000ae000000| PB 0x00000000ae000000| Complete |  1
| 737|0x00000000ae100000, 0x00000000ae200000, 0x00000000ae200000|100%| E|CS|TAMS 0x00000000ae100000| PB 0x00000000ae100000| Complete |  0
| 738|0x00000000ae200000, 0x00000000ae300000, 0x00000000ae300000|100%| E|CS|TAMS 0x00000000ae200000| PB 0x00000000ae200000| Complete |  0
| 739|0x00000000ae300000, 0x00000000ae400000, 0x00000000ae400000|100%| E|CS|TAMS 0x00000000ae300000| PB 0x00000000ae300000| Complete |  0
| 740|0x00000000ae400000, 0x00000000ae500000, 0x00000000ae500000|100%| E|CS|TAMS 0x00000000ae400000| PB 0x00000000ae400000| Complete |  0
| 741|0x00000000ae500000, 0x00000000ae600000, 0x00000000ae600000|100%| E|CS|TAMS 0x00000000ae500000| PB 0x00000000ae500000| Complete |  0
| 742|0x00000000ae600000, 0x00000000ae700000, 0x00000000ae700000|100%| E|CS|TAMS 0x00000000ae600000| PB 0x00000000ae600000| Complete |  0
| 743|0x00000000ae700000, 0x00000000ae800000, 0x00000000ae800000|100%| E|CS|TAMS 0x00000000ae700000| PB 0x00000000ae700000| Complete |  0
| 744|0x00000000ae800000, 0x00000000ae900000, 0x00000000ae900000|100%| E|CS|TAMS 0x00000000ae800000| PB 0x00000000ae800000| Complete |  0
| 745|0x00000000ae900000, 0x00000000aea00000, 0x00000000aea00000|100%| E|CS|TAMS 0x00000000ae900000| PB 0x00000000ae900000| Complete |  0
| 746|0x00000000aea00000, 0x00000000aeb00000, 0x00000000aeb00000|100%| E|CS|TAMS 0x00000000aea00000| PB 0x00000000aea00000| Complete |  0
| 747|0x00000000aeb00000, 0x00000000aec00000, 0x00000000aec00000|100%| E|CS|TAMS 0x00000000aeb00000| PB 0x00000000aeb00000| Complete |  0
| 748|0x00000000aec00000, 0x00000000aed00000, 0x00000000aed00000|100%| E|CS|TAMS 0x00000000aec00000| PB 0x00000000aec00000| Complete |  0
| 749|0x00000000aed00000, 0x00000000aee00000, 0x00000000aee00000|100%| E|CS|TAMS 0x00000000aed00000| PB 0x00000000aed00000| Complete |  0
| 750|0x00000000aee00000, 0x00000000aef00000, 0x00000000aef00000|100%| E|CS|TAMS 0x00000000aee00000| PB 0x00000000aee00000| Complete |  0
| 751|0x00000000aef00000, 0x00000000af000000, 0x00000000af000000|100%| E|CS|TAMS 0x00000000aef00000| PB 0x00000000aef00000| Complete |  0
| 752|0x00000000af000000, 0x00000000af100000, 0x00000000af100000|100%| E|CS|TAMS 0x00000000af000000| PB 0x00000000af000000| Complete |  0
| 753|0x00000000af100000, 0x00000000af200000, 0x00000000af200000|100%| E|CS|TAMS 0x00000000af100000| PB 0x00000000af100000| Complete |  0
| 754|0x00000000af200000, 0x00000000af300000, 0x00000000af300000|100%| E|CS|TAMS 0x00000000af200000| PB 0x00000000af200000| Complete |  0
| 755|0x00000000af300000, 0x00000000af400000, 0x00000000af400000|100%| E|CS|TAMS 0x00000000af300000| PB 0x00000000af300000| Complete |  0
| 756|0x00000000af400000, 0x00000000af500000, 0x00000000af500000|100%| E|CS|TAMS 0x00000000af400000| PB 0x00000000af400000| Complete |  0
| 757|0x00000000af500000, 0x00000000af600000, 0x00000000af600000|100%| E|CS|TAMS 0x00000000af500000| PB 0x00000000af500000| Complete |  0
| 758|0x00000000af600000, 0x00000000af700000, 0x00000000af700000|100%| E|CS|TAMS 0x00000000af600000| PB 0x00000000af600000| Complete |  0
| 759|0x00000000af700000, 0x00000000af800000, 0x00000000af800000|100%| E|CS|TAMS 0x00000000af700000| PB 0x00000000af700000| Complete |  0
| 760|0x00000000af800000, 0x00000000af900000, 0x00000000af900000|100%| E|CS|TAMS 0x00000000af800000| PB 0x00000000af800000| Complete |  0
| 761|0x00000000af900000, 0x00000000afa00000, 0x00000000afa00000|100%| E|CS|TAMS 0x00000000af900000| PB 0x00000000af900000| Complete |  0
| 762|0x00000000afa00000, 0x00000000afb00000, 0x00000000afb00000|100%| E|CS|TAMS 0x00000000afa00000| PB 0x00000000afa00000| Complete |  0
| 763|0x00000000afb00000, 0x00000000afc00000, 0x00000000afc00000|100%| E|CS|TAMS 0x00000000afb00000| PB 0x00000000afb00000| Complete |  0
| 764|0x00000000afc00000, 0x00000000afd00000, 0x00000000afd00000|100%| E|CS|TAMS 0x00000000afc00000| PB 0x00000000afc00000| Complete |  0
| 765|0x00000000afd00000, 0x00000000afe00000, 0x00000000afe00000|100%| E|CS|TAMS 0x00000000afd00000| PB 0x00000000afd00000| Complete |  0
| 766|0x00000000afe00000, 0x00000000aff00000, 0x00000000aff00000|100%| E|CS|TAMS 0x00000000afe00000| PB 0x00000000afe00000| Complete |  0
| 767|0x00000000aff00000, 0x00000000b0000000, 0x00000000b0000000|100%| E|CS|TAMS 0x00000000aff00000| PB 0x00000000aff00000| Complete |  0
| 768|0x00000000b0000000, 0x00000000b0100000, 0x00000000b0100000|100%| E|CS|TAMS 0x00000000b0000000| PB 0x00000000b0000000| Complete |  0
| 769|0x00000000b0100000, 0x00000000b0200000, 0x00000000b0200000|100%| E|CS|TAMS 0x00000000b0100000| PB 0x00000000b0100000| Complete |  0
| 770|0x00000000b0200000, 0x00000000b0300000, 0x00000000b0300000|100%| E|CS|TAMS 0x00000000b0200000| PB 0x00000000b0200000| Complete |  0
| 771|0x00000000b0300000, 0x00000000b0400000, 0x00000000b0400000|100%| E|CS|TAMS 0x00000000b0300000| PB 0x00000000b0300000| Complete |  0
| 772|0x00000000b0400000, 0x00000000b0500000, 0x00000000b0500000|100%| E|CS|TAMS 0x00000000b0400000| PB 0x00000000b0400000| Complete |  0
| 773|0x00000000b0500000, 0x00000000b0600000, 0x00000000b0600000|100%| E|CS|TAMS 0x00000000b0500000| PB 0x00000000b0500000| Complete |  0
| 774|0x00000000b0600000, 0x00000000b0700000, 0x00000000b0700000|100%| E|CS|TAMS 0x00000000b0600000| PB 0x00000000b0600000| Complete |  0
| 775|0x00000000b0700000, 0x00000000b0800000, 0x00000000b0800000|100%| E|CS|TAMS 0x00000000b0700000| PB 0x00000000b0700000| Complete |  0
| 776|0x00000000b0800000, 0x00000000b0900000, 0x00000000b0900000|100%| E|CS|TAMS 0x00000000b0800000| PB 0x00000000b0800000| Complete |  0
| 777|0x00000000b0900000, 0x00000000b0a00000, 0x00000000b0a00000|100%| E|CS|TAMS 0x00000000b0900000| PB 0x00000000b0900000| Complete |  0
| 778|0x00000000b0a00000, 0x00000000b0b00000, 0x00000000b0b00000|100%| E|CS|TAMS 0x00000000b0a00000| PB 0x00000000b0a00000| Complete |  0
| 779|0x00000000b0b00000, 0x00000000b0c00000, 0x00000000b0c00000|100%| E|CS|TAMS 0x00000000b0b00000| PB 0x00000000b0b00000| Complete |  0
| 780|0x00000000b0c00000, 0x00000000b0d00000, 0x00000000b0d00000|100%| E|CS|TAMS 0x00000000b0c00000| PB 0x00000000b0c00000| Complete |  0
| 781|0x00000000b0d00000, 0x00000000b0e00000, 0x00000000b0e00000|100%| E|CS|TAMS 0x00000000b0d00000| PB 0x00000000b0d00000| Complete |  0
| 782|0x00000000b0e00000, 0x00000000b0f00000, 0x00000000b0f00000|100%| E|CS|TAMS 0x00000000b0e00000| PB 0x00000000b0e00000| Complete |  0
| 783|0x00000000b0f00000, 0x00000000b1000000, 0x00000000b1000000|100%| E|CS|TAMS 0x00000000b0f00000| PB 0x00000000b0f00000| Complete |  0
| 784|0x00000000b1000000, 0x00000000b1100000, 0x00000000b1100000|100%| E|CS|TAMS 0x00000000b1000000| PB 0x00000000b1000000| Complete |  0
| 785|0x00000000b1100000, 0x00000000b1200000, 0x00000000b1200000|100%| E|CS|TAMS 0x00000000b1100000| PB 0x00000000b1100000| Complete |  0
| 786|0x00000000b1200000, 0x00000000b1300000, 0x00000000b1300000|100%| E|CS|TAMS 0x00000000b1200000| PB 0x00000000b1200000| Complete |  0
| 787|0x00000000b1300000, 0x00000000b1400000, 0x00000000b1400000|100%| E|CS|TAMS 0x00000000b1300000| PB 0x00000000b1300000| Complete |  0
| 788|0x00000000b1400000, 0x00000000b1500000, 0x00000000b1500000|100%| E|CS|TAMS 0x00000000b1400000| PB 0x00000000b1400000| Complete |  0
| 789|0x00000000b1500000, 0x00000000b1600000, 0x00000000b1600000|100%| E|CS|TAMS 0x00000000b1500000| PB 0x00000000b1500000| Complete |  0
| 790|0x00000000b1600000, 0x00000000b1700000, 0x00000000b1700000|100%| E|CS|TAMS 0x00000000b1600000| PB 0x00000000b1600000| Complete |  0
| 791|0x00000000b1700000, 0x00000000b1800000, 0x00000000b1800000|100%| E|CS|TAMS 0x00000000b1700000| PB 0x00000000b1700000| Complete |  0
| 792|0x00000000b1800000, 0x00000000b1900000, 0x00000000b1900000|100%| E|CS|TAMS 0x00000000b1800000| PB 0x00000000b1800000| Complete |  0
| 793|0x00000000b1900000, 0x00000000b1a00000, 0x00000000b1a00000|100%| E|CS|TAMS 0x00000000b1900000| PB 0x00000000b1900000| Complete |  0
| 794|0x00000000b1a00000, 0x00000000b1b00000, 0x00000000b1b00000|100%| E|CS|TAMS 0x00000000b1a00000| PB 0x00000000b1a00000| Complete |  0
| 795|0x00000000b1b00000, 0x00000000b1c00000, 0x00000000b1c00000|100%| E|CS|TAMS 0x00000000b1b00000| PB 0x00000000b1b00000| Complete |  0
| 796|0x00000000b1c00000, 0x00000000b1d00000, 0x00000000b1d00000|100%| E|CS|TAMS 0x00000000b1c00000| PB 0x00000000b1c00000| Complete |  0
| 797|0x00000000b1d00000, 0x00000000b1e00000, 0x00000000b1e00000|100%| E|CS|TAMS 0x00000000b1d00000| PB 0x00000000b1d00000| Complete |  0
| 798|0x00000000b1e00000, 0x00000000b1f00000, 0x00000000b1f00000|100%| E|CS|TAMS 0x00000000b1e00000| PB 0x00000000b1e00000| Complete |  0
| 799|0x00000000b1f00000, 0x00000000b2000000, 0x00000000b2000000|100%| E|CS|TAMS 0x00000000b1f00000| PB 0x00000000b1f00000| Complete |  0
| 800|0x00000000b2000000, 0x00000000b2100000, 0x00000000b2100000|100%| E|CS|TAMS 0x00000000b2000000| PB 0x00000000b2000000| Complete |  0
| 801|0x00000000b2100000, 0x00000000b2200000, 0x00000000b2200000|100%| E|CS|TAMS 0x00000000b2100000| PB 0x00000000b2100000| Complete |  0
| 802|0x00000000b2200000, 0x00000000b2300000, 0x00000000b2300000|100%| E|CS|TAMS 0x00000000b2200000| PB 0x00000000b2200000| Complete |  0
| 803|0x00000000b2300000, 0x00000000b2400000, 0x00000000b2400000|100%| E|CS|TAMS 0x00000000b2300000| PB 0x00000000b2300000| Complete |  0
| 804|0x00000000b2400000, 0x00000000b2500000, 0x00000000b2500000|100%| E|CS|TAMS 0x00000000b2400000| PB 0x00000000b2400000| Complete |  0
| 805|0x00000000b2500000, 0x00000000b2600000, 0x00000000b2600000|100%| E|CS|TAMS 0x00000000b2500000| PB 0x00000000b2500000| Complete |  0
| 806|0x00000000b2600000, 0x00000000b2700000, 0x00000000b2700000|100%| E|CS|TAMS 0x00000000b2600000| PB 0x00000000b2600000| Complete |  0
| 807|0x00000000b2700000, 0x00000000b2800000, 0x00000000b2800000|100%| E|CS|TAMS 0x00000000b2700000| PB 0x00000000b2700000| Complete |  0
| 808|0x00000000b2800000, 0x00000000b2900000, 0x00000000b2900000|100%| E|CS|TAMS 0x00000000b2800000| PB 0x00000000b2800000| Complete |  0
| 809|0x00000000b2900000, 0x00000000b2a00000, 0x00000000b2a00000|100%| E|CS|TAMS 0x00000000b2900000| PB 0x00000000b2900000| Complete |  0
| 810|0x00000000b2a00000, 0x00000000b2b00000, 0x00000000b2b00000|100%| E|CS|TAMS 0x00000000b2a00000| PB 0x00000000b2a00000| Complete |  0
| 811|0x00000000b2b00000, 0x00000000b2c00000, 0x00000000b2c00000|100%| E|CS|TAMS 0x00000000b2b00000| PB 0x00000000b2b00000| Complete |  0
| 812|0x00000000b2c00000, 0x00000000b2d00000, 0x00000000b2d00000|100%| E|CS|TAMS 0x00000000b2c00000| PB 0x00000000b2c00000| Complete |  0
| 813|0x00000000b2d00000, 0x00000000b2e00000, 0x00000000b2e00000|100%| E|CS|TAMS 0x00000000b2d00000| PB 0x00000000b2d00000| Complete |  0
| 814|0x00000000b2e00000, 0x00000000b2f00000, 0x00000000b2f00000|100%| E|CS|TAMS 0x00000000b2e00000| PB 0x00000000b2e00000| Complete |  0
| 815|0x00000000b2f00000, 0x00000000b3000000, 0x00000000b3000000|100%| E|CS|TAMS 0x00000000b2f00000| PB 0x00000000b2f00000| Complete |  0
| 816|0x00000000b3000000, 0x00000000b3100000, 0x00000000b3100000|100%| E|CS|TAMS 0x00000000b3000000| PB 0x00000000b3000000| Complete |  0
| 817|0x00000000b3100000, 0x00000000b3200000, 0x00000000b3200000|100%| E|CS|TAMS 0x00000000b3100000| PB 0x00000000b3100000| Complete |  0
| 818|0x00000000b3200000, 0x00000000b3300000, 0x00000000b3300000|100%| E|CS|TAMS 0x00000000b3200000| PB 0x00000000b3200000| Complete |  0
| 819|0x00000000b3300000, 0x00000000b3400000, 0x00000000b3400000|100%| E|CS|TAMS 0x00000000b3300000| PB 0x00000000b3300000| Complete |  0
| 820|0x00000000b3400000, 0x00000000b3500000, 0x00000000b3500000|100%| E|CS|TAMS 0x00000000b3400000| PB 0x00000000b3400000| Complete |  0
| 821|0x00000000b3500000, 0x00000000b3600000, 0x00000000b3600000|100%| E|CS|TAMS 0x00000000b3500000| PB 0x00000000b3500000| Complete |  0
| 822|0x00000000b3600000, 0x00000000b3700000, 0x00000000b3700000|100%| E|CS|TAMS 0x00000000b3600000| PB 0x00000000b3600000| Complete |  0
| 823|0x00000000b3700000, 0x00000000b3800000, 0x00000000b3800000|100%| E|CS|TAMS 0x00000000b3700000| PB 0x00000000b3700000| Complete |  0
| 824|0x00000000b3800000, 0x00000000b3900000, 0x00000000b3900000|100%| E|CS|TAMS 0x00000000b3800000| PB 0x00000000b3800000| Complete |  0
| 825|0x00000000b3900000, 0x00000000b3a00000, 0x00000000b3a00000|100%| E|CS|TAMS 0x00000000b3900000| PB 0x00000000b3900000| Complete |  0
| 826|0x00000000b3a00000, 0x00000000b3b00000, 0x00000000b3b00000|100%| E|CS|TAMS 0x00000000b3a00000| PB 0x00000000b3a00000| Complete |  0
| 827|0x00000000b3b00000, 0x00000000b3c00000, 0x00000000b3c00000|100%| E|CS|TAMS 0x00000000b3b00000| PB 0x00000000b3b00000| Complete |  0
| 828|0x00000000b3c00000, 0x00000000b3d00000, 0x00000000b3d00000|100%| E|CS|TAMS 0x00000000b3c00000| PB 0x00000000b3c00000| Complete |  0
| 829|0x00000000b3d00000, 0x00000000b3e00000, 0x00000000b3e00000|100%| E|CS|TAMS 0x00000000b3d00000| PB 0x00000000b3d00000| Complete |  0
| 830|0x00000000b3e00000, 0x00000000b3f00000, 0x00000000b3f00000|100%| E|CS|TAMS 0x00000000b3e00000| PB 0x00000000b3e00000| Complete |  0
| 831|0x00000000b3f00000, 0x00000000b4000000, 0x00000000b4000000|100%| E|CS|TAMS 0x00000000b3f00000| PB 0x00000000b3f00000| Complete |  0
| 832|0x00000000b4000000, 0x00000000b4100000, 0x00000000b4100000|100%| E|CS|TAMS 0x00000000b4000000| PB 0x00000000b4000000| Complete |  0
| 833|0x00000000b4100000, 0x00000000b4200000, 0x00000000b4200000|100%| E|CS|TAMS 0x00000000b4100000| PB 0x00000000b4100000| Complete |  0
| 834|0x00000000b4200000, 0x00000000b4300000, 0x00000000b4300000|100%| E|CS|TAMS 0x00000000b4200000| PB 0x00000000b4200000| Complete |  0
| 835|0x00000000b4300000, 0x00000000b4400000, 0x00000000b4400000|100%| E|CS|TAMS 0x00000000b4300000| PB 0x00000000b4300000| Complete |  0
| 836|0x00000000b4400000, 0x00000000b4500000, 0x00000000b4500000|100%| E|CS|TAMS 0x00000000b4400000| PB 0x00000000b4400000| Complete |  0
| 837|0x00000000b4500000, 0x00000000b4600000, 0x00000000b4600000|100%| E|CS|TAMS 0x00000000b4500000| PB 0x00000000b4500000| Complete |  0
| 838|0x00000000b4600000, 0x00000000b4700000, 0x00000000b4700000|100%| E|CS|TAMS 0x00000000b4600000| PB 0x00000000b4600000| Complete |  0
| 839|0x00000000b4700000, 0x00000000b4800000, 0x00000000b4800000|100%| E|CS|TAMS 0x00000000b4700000| PB 0x00000000b4700000| Complete |  0
| 840|0x00000000b4800000, 0x00000000b4900000, 0x00000000b4900000|100%| E|CS|TAMS 0x00000000b4800000| PB 0x00000000b4800000| Complete |  0
| 841|0x00000000b4900000, 0x00000000b4a00000, 0x00000000b4a00000|100%| E|CS|TAMS 0x00000000b4900000| PB 0x00000000b4900000| Complete |  0
| 842|0x00000000b4a00000, 0x00000000b4b00000, 0x00000000b4b00000|100%| E|CS|TAMS 0x00000000b4a00000| PB 0x00000000b4a00000| Complete |  0
| 843|0x00000000b4b00000, 0x00000000b4c00000, 0x00000000b4c00000|100%| E|CS|TAMS 0x00000000b4b00000| PB 0x00000000b4b00000| Complete |  0
| 844|0x00000000b4c00000, 0x00000000b4d00000, 0x00000000b4d00000|100%| E|CS|TAMS 0x00000000b4c00000| PB 0x00000000b4c00000| Complete |  0
| 845|0x00000000b4d00000, 0x00000000b4e00000, 0x00000000b4e00000|100%| E|CS|TAMS 0x00000000b4d00000| PB 0x00000000b4d00000| Complete |  0
| 846|0x00000000b4e00000, 0x00000000b4f00000, 0x00000000b4f00000|100%| E|CS|TAMS 0x00000000b4e00000| PB 0x00000000b4e00000| Complete |  0
| 847|0x00000000b4f00000, 0x00000000b5000000, 0x00000000b5000000|100%| E|CS|TAMS 0x00000000b4f00000| PB 0x00000000b4f00000| Complete |  0
| 848|0x00000000b5000000, 0x00000000b5100000, 0x00000000b5100000|100%| E|CS|TAMS 0x00000000b5000000| PB 0x00000000b5000000| Complete |  0
| 849|0x00000000b5100000, 0x00000000b5200000, 0x00000000b5200000|100%| E|CS|TAMS 0x00000000b5100000| PB 0x00000000b5100000| Complete |  0
| 850|0x00000000b5200000, 0x00000000b5300000, 0x00000000b5300000|100%| E|CS|TAMS 0x00000000b5200000| PB 0x00000000b5200000| Complete |  0
| 851|0x00000000b5300000, 0x00000000b5400000, 0x00000000b5400000|100%| E|CS|TAMS 0x00000000b5300000| PB 0x00000000b5300000| Complete |  0
| 852|0x00000000b5400000, 0x00000000b5500000, 0x00000000b5500000|100%| E|CS|TAMS 0x00000000b5400000| PB 0x00000000b5400000| Complete |  0
| 853|0x00000000b5500000, 0x00000000b5600000, 0x00000000b5600000|100%| E|CS|TAMS 0x00000000b5500000| PB 0x00000000b5500000| Complete |  0
| 854|0x00000000b5600000, 0x00000000b5700000, 0x00000000b5700000|100%| E|CS|TAMS 0x00000000b5600000| PB 0x00000000b5600000| Complete |  0
| 855|0x00000000b5700000, 0x00000000b5800000, 0x00000000b5800000|100%| E|CS|TAMS 0x00000000b5700000| PB 0x00000000b5700000| Complete |  0
| 856|0x00000000b5800000, 0x00000000b5900000, 0x00000000b5900000|100%| E|CS|TAMS 0x00000000b5800000| PB 0x00000000b5800000| Complete |  0
| 857|0x00000000b5900000, 0x00000000b5a00000, 0x00000000b5a00000|100%| E|CS|TAMS 0x00000000b5900000| PB 0x00000000b5900000| Complete |  0
| 858|0x00000000b5a00000, 0x00000000b5b00000, 0x00000000b5b00000|100%| E|CS|TAMS 0x00000000b5a00000| PB 0x00000000b5a00000| Complete |  0
| 859|0x00000000b5b00000, 0x00000000b5c00000, 0x00000000b5c00000|100%| E|CS|TAMS 0x00000000b5b00000| PB 0x00000000b5b00000| Complete |  0
| 860|0x00000000b5c00000, 0x00000000b5d00000, 0x00000000b5d00000|100%| E|CS|TAMS 0x00000000b5c00000| PB 0x00000000b5c00000| Complete |  0
| 861|0x00000000b5d00000, 0x00000000b5e00000, 0x00000000b5e00000|100%| E|CS|TAMS 0x00000000b5d00000| PB 0x00000000b5d00000| Complete |  0
| 862|0x00000000b5e00000, 0x00000000b5f00000, 0x00000000b5f00000|100%| E|CS|TAMS 0x00000000b5e00000| PB 0x00000000b5e00000| Complete |  0
| 863|0x00000000b5f00000, 0x00000000b6000000, 0x00000000b6000000|100%| E|CS|TAMS 0x00000000b5f00000| PB 0x00000000b5f00000| Complete |  0
| 864|0x00000000b6000000, 0x00000000b6100000, 0x00000000b6100000|100%| E|CS|TAMS 0x00000000b6000000| PB 0x00000000b6000000| Complete |  0
| 865|0x00000000b6100000, 0x00000000b6200000, 0x00000000b6200000|100%| E|CS|TAMS 0x00000000b6100000| PB 0x00000000b6100000| Complete |  0
| 866|0x00000000b6200000, 0x00000000b6300000, 0x00000000b6300000|100%| E|CS|TAMS 0x00000000b6200000| PB 0x00000000b6200000| Complete |  0
| 867|0x00000000b6300000, 0x00000000b6400000, 0x00000000b6400000|100%| E|CS|TAMS 0x00000000b6300000| PB 0x00000000b6300000| Complete |  0
| 868|0x00000000b6400000, 0x00000000b6500000, 0x00000000b6500000|100%| E|CS|TAMS 0x00000000b6400000| PB 0x00000000b6400000| Complete |  0
| 869|0x00000000b6500000, 0x00000000b6600000, 0x00000000b6600000|100%| E|CS|TAMS 0x00000000b6500000| PB 0x00000000b6500000| Complete |  0
| 870|0x00000000b6600000, 0x00000000b6700000, 0x00000000b6700000|100%| E|CS|TAMS 0x00000000b6600000| PB 0x00000000b6600000| Complete |  0
| 871|0x00000000b6700000, 0x00000000b6800000, 0x00000000b6800000|100%| E|CS|TAMS 0x00000000b6700000| PB 0x00000000b6700000| Complete |  0
| 872|0x00000000b6800000, 0x00000000b6900000, 0x00000000b6900000|100%| E|CS|TAMS 0x00000000b6800000| PB 0x00000000b6800000| Complete |  0
| 873|0x00000000b6900000, 0x00000000b6a00000, 0x00000000b6a00000|100%| E|CS|TAMS 0x00000000b6900000| PB 0x00000000b6900000| Complete |  0
| 874|0x00000000b6a00000, 0x00000000b6b00000, 0x00000000b6b00000|100%| E|CS|TAMS 0x00000000b6a00000| PB 0x00000000b6a00000| Complete |  0
| 875|0x00000000b6b00000, 0x00000000b6c00000, 0x00000000b6c00000|100%| E|CS|TAMS 0x00000000b6b00000| PB 0x00000000b6b00000| Complete |  0
| 876|0x00000000b6c00000, 0x00000000b6d00000, 0x00000000b6d00000|100%| E|CS|TAMS 0x00000000b6c00000| PB 0x00000000b6c00000| Complete |  0
| 877|0x00000000b6d00000, 0x00000000b6e00000, 0x00000000b6e00000|100%| E|CS|TAMS 0x00000000b6d00000| PB 0x00000000b6d00000| Complete |  0
| 878|0x00000000b6e00000, 0x00000000b6f00000, 0x00000000b6f00000|100%| E|CS|TAMS 0x00000000b6e00000| PB 0x00000000b6e00000| Complete |  0
| 879|0x00000000b6f00000, 0x00000000b7000000, 0x00000000b7000000|100%| E|CS|TAMS 0x00000000b6f00000| PB 0x00000000b6f00000| Complete |  0
| 880|0x00000000b7000000, 0x00000000b7100000, 0x00000000b7100000|100%| E|CS|TAMS 0x00000000b7000000| PB 0x00000000b7000000| Complete |  0
| 881|0x00000000b7100000, 0x00000000b7200000, 0x00000000b7200000|100%| E|CS|TAMS 0x00000000b7100000| PB 0x00000000b7100000| Complete |  0
| 882|0x00000000b7200000, 0x00000000b7300000, 0x00000000b7300000|100%| E|CS|TAMS 0x00000000b7200000| PB 0x00000000b7200000| Complete |  0
| 883|0x00000000b7300000, 0x00000000b7400000, 0x00000000b7400000|100%| E|CS|TAMS 0x00000000b7300000| PB 0x00000000b7300000| Complete |  0
| 884|0x00000000b7400000, 0x00000000b7500000, 0x00000000b7500000|100%| E|CS|TAMS 0x00000000b7400000| PB 0x00000000b7400000| Complete |  0
| 885|0x00000000b7500000, 0x00000000b7600000, 0x00000000b7600000|100%| E|CS|TAMS 0x00000000b7500000| PB 0x00000000b7500000| Complete |  0
| 886|0x00000000b7600000, 0x00000000b7700000, 0x00000000b7700000|100%| E|CS|TAMS 0x00000000b7600000| PB 0x00000000b7600000| Complete |  0
| 887|0x00000000b7700000, 0x00000000b7800000, 0x00000000b7800000|100%| E|CS|TAMS 0x00000000b7700000| PB 0x00000000b7700000| Complete |  0
| 888|0x00000000b7800000, 0x00000000b7900000, 0x00000000b7900000|100%| E|CS|TAMS 0x00000000b7800000| PB 0x00000000b7800000| Complete |  0
| 889|0x00000000b7900000, 0x00000000b7a00000, 0x00000000b7a00000|100%| E|CS|TAMS 0x00000000b7900000| PB 0x00000000b7900000| Complete |  0
| 890|0x00000000b7a00000, 0x00000000b7b00000, 0x00000000b7b00000|100%| E|CS|TAMS 0x00000000b7a00000| PB 0x00000000b7a00000| Complete |  0
| 891|0x00000000b7b00000, 0x00000000b7c00000, 0x00000000b7c00000|100%| E|CS|TAMS 0x00000000b7b00000| PB 0x00000000b7b00000| Complete |  0
| 892|0x00000000b7c00000, 0x00000000b7d00000, 0x00000000b7d00000|100%| E|CS|TAMS 0x00000000b7c00000| PB 0x00000000b7c00000| Complete |  0
| 893|0x00000000b7d00000, 0x00000000b7e00000, 0x00000000b7e00000|100%| E|CS|TAMS 0x00000000b7d00000| PB 0x00000000b7d00000| Complete |  0
| 894|0x00000000b7e00000, 0x00000000b7f00000, 0x00000000b7f00000|100%| E|CS|TAMS 0x00000000b7e00000| PB 0x00000000b7e00000| Complete |  0
| 895|0x00000000b7f00000, 0x00000000b8000000, 0x00000000b8000000|100%| E|CS|TAMS 0x00000000b7f00000| PB 0x00000000b7f00000| Complete |  0
| 896|0x00000000b8000000, 0x00000000b8100000, 0x00000000b8100000|100%| E|CS|TAMS 0x00000000b8000000| PB 0x00000000b8000000| Complete |  0
| 897|0x00000000b8100000, 0x00000000b8200000, 0x00000000b8200000|100%| E|CS|TAMS 0x00000000b8100000| PB 0x00000000b8100000| Complete |  0
| 898|0x00000000b8200000, 0x00000000b8300000, 0x00000000b8300000|100%| E|CS|TAMS 0x00000000b8200000| PB 0x00000000b8200000| Complete |  0
| 899|0x00000000b8300000, 0x00000000b8400000, 0x00000000b8400000|100%| E|CS|TAMS 0x00000000b8300000| PB 0x00000000b8300000| Complete |  0
| 900|0x00000000b8400000, 0x00000000b8500000, 0x00000000b8500000|100%| E|CS|TAMS 0x00000000b8400000| PB 0x00000000b8400000| Complete |  0
| 901|0x00000000b8500000, 0x00000000b8600000, 0x00000000b8600000|100%| E|CS|TAMS 0x00000000b8500000| PB 0x00000000b8500000| Complete |  0
| 902|0x00000000b8600000, 0x00000000b8700000, 0x00000000b8700000|100%| E|CS|TAMS 0x00000000b8600000| PB 0x00000000b8600000| Complete |  0
| 903|0x00000000b8700000, 0x00000000b8800000, 0x00000000b8800000|100%| E|CS|TAMS 0x00000000b8700000| PB 0x00000000b8700000| Complete |  0
| 904|0x00000000b8800000, 0x00000000b8900000, 0x00000000b8900000|100%| E|CS|TAMS 0x00000000b8800000| PB 0x00000000b8800000| Complete |  0
| 905|0x00000000b8900000, 0x00000000b8a00000, 0x00000000b8a00000|100%| E|CS|TAMS 0x00000000b8900000| PB 0x00000000b8900000| Complete |  0
| 906|0x00000000b8a00000, 0x00000000b8b00000, 0x00000000b8b00000|100%| E|CS|TAMS 0x00000000b8a00000| PB 0x00000000b8a00000| Complete |  0
| 907|0x00000000b8b00000, 0x00000000b8c00000, 0x00000000b8c00000|100%| E|CS|TAMS 0x00000000b8b00000| PB 0x00000000b8b00000| Complete |  0
| 908|0x00000000b8c00000, 0x00000000b8d00000, 0x00000000b8d00000|100%| E|CS|TAMS 0x00000000b8c00000| PB 0x00000000b8c00000| Complete |  0
| 909|0x00000000b8d00000, 0x00000000b8e00000, 0x00000000b8e00000|100%| E|CS|TAMS 0x00000000b8d00000| PB 0x00000000b8d00000| Complete |  0
| 910|0x00000000b8e00000, 0x00000000b8f00000, 0x00000000b8f00000|100%| E|CS|TAMS 0x00000000b8e00000| PB 0x00000000b8e00000| Complete |  0
| 911|0x00000000b8f00000, 0x00000000b9000000, 0x00000000b9000000|100%| E|CS|TAMS 0x00000000b8f00000| PB 0x00000000b8f00000| Complete |  0
| 912|0x00000000b9000000, 0x00000000b9100000, 0x00000000b9100000|100%| E|CS|TAMS 0x00000000b9000000| PB 0x00000000b9000000| Complete |  0
| 913|0x00000000b9100000, 0x00000000b9200000, 0x00000000b9200000|100%| E|CS|TAMS 0x00000000b9100000| PB 0x00000000b9100000| Complete |  0
| 914|0x00000000b9200000, 0x00000000b9300000, 0x00000000b9300000|100%| E|CS|TAMS 0x00000000b9200000| PB 0x00000000b9200000| Complete |  0
| 915|0x00000000b9300000, 0x00000000b9400000, 0x00000000b9400000|100%| E|CS|TAMS 0x00000000b9300000| PB 0x00000000b9300000| Complete |  0
| 916|0x00000000b9400000, 0x00000000b9500000, 0x00000000b9500000|100%| E|CS|TAMS 0x00000000b9400000| PB 0x00000000b9400000| Complete |  0
| 917|0x00000000b9500000, 0x00000000b9600000, 0x00000000b9600000|100%| E|CS|TAMS 0x00000000b9500000| PB 0x00000000b9500000| Complete |  0
| 918|0x00000000b9600000, 0x00000000b9700000, 0x00000000b9700000|100%| E|CS|TAMS 0x00000000b9600000| PB 0x00000000b9600000| Complete |  0
| 919|0x00000000b9700000, 0x00000000b9800000, 0x00000000b9800000|100%| E|CS|TAMS 0x00000000b9700000| PB 0x00000000b9700000| Complete |  0
| 920|0x00000000b9800000, 0x00000000b9900000, 0x00000000b9900000|100%| E|CS|TAMS 0x00000000b9800000| PB 0x00000000b9800000| Complete |  0
| 921|0x00000000b9900000, 0x00000000b9a00000, 0x00000000b9a00000|100%| E|CS|TAMS 0x00000000b9900000| PB 0x00000000b9900000| Complete |  0
| 922|0x00000000b9a00000, 0x00000000b9b00000, 0x00000000b9b00000|100%| E|CS|TAMS 0x00000000b9a00000| PB 0x00000000b9a00000| Complete |  0
| 923|0x00000000b9b00000, 0x00000000b9c00000, 0x00000000b9c00000|100%| E|CS|TAMS 0x00000000b9b00000| PB 0x00000000b9b00000| Complete |  0
| 924|0x00000000b9c00000, 0x00000000b9d00000, 0x00000000b9d00000|100%| E|CS|TAMS 0x00000000b9c00000| PB 0x00000000b9c00000| Complete |  0
| 925|0x00000000b9d00000, 0x00000000b9e00000, 0x00000000b9e00000|100%| E|CS|TAMS 0x00000000b9d00000| PB 0x00000000b9d00000| Complete |  0
| 926|0x00000000b9e00000, 0x00000000b9f00000, 0x00000000b9f00000|100%| E|CS|TAMS 0x00000000b9e00000| PB 0x00000000b9e00000| Complete |  0
| 927|0x00000000b9f00000, 0x00000000ba000000, 0x00000000ba000000|100%| E|CS|TAMS 0x00000000b9f00000| PB 0x00000000b9f00000| Complete |  0
| 928|0x00000000ba000000, 0x00000000ba100000, 0x00000000ba100000|100%| E|CS|TAMS 0x00000000ba000000| PB 0x00000000ba000000| Complete |  0
| 929|0x00000000ba100000, 0x00000000ba200000, 0x00000000ba200000|100%| E|CS|TAMS 0x00000000ba100000| PB 0x00000000ba100000| Complete |  0
| 930|0x00000000ba200000, 0x00000000ba300000, 0x00000000ba300000|100%| E|CS|TAMS 0x00000000ba200000| PB 0x00000000ba200000| Complete |  0
| 931|0x00000000ba300000, 0x00000000ba400000, 0x00000000ba400000|100%| E|CS|TAMS 0x00000000ba300000| PB 0x00000000ba300000| Complete |  0
| 932|0x00000000ba400000, 0x00000000ba500000, 0x00000000ba500000|100%| E|CS|TAMS 0x00000000ba400000| PB 0x00000000ba400000| Complete |  0
| 933|0x00000000ba500000, 0x00000000ba600000, 0x00000000ba600000|100%| E|CS|TAMS 0x00000000ba500000| PB 0x00000000ba500000| Complete |  0
| 934|0x00000000ba600000, 0x00000000ba700000, 0x00000000ba700000|100%| E|CS|TAMS 0x00000000ba600000| PB 0x00000000ba600000| Complete |  0
| 935|0x00000000ba700000, 0x00000000ba800000, 0x00000000ba800000|100%| E|CS|TAMS 0x00000000ba700000| PB 0x00000000ba700000| Complete |  0
| 936|0x00000000ba800000, 0x00000000ba900000, 0x00000000ba900000|100%| E|CS|TAMS 0x00000000ba800000| PB 0x00000000ba800000| Complete |  0
| 937|0x00000000ba900000, 0x00000000baa00000, 0x00000000baa00000|100%| E|CS|TAMS 0x00000000ba900000| PB 0x00000000ba900000| Complete |  0
| 938|0x00000000baa00000, 0x00000000bab00000, 0x00000000bab00000|100%| E|CS|TAMS 0x00000000baa00000| PB 0x00000000baa00000| Complete |  0
| 939|0x00000000bab00000, 0x00000000bac00000, 0x00000000bac00000|100%| E|CS|TAMS 0x00000000bab00000| PB 0x00000000bab00000| Complete |  0
| 940|0x00000000bac00000, 0x00000000bad00000, 0x00000000bad00000|100%| E|CS|TAMS 0x00000000bac00000| PB 0x00000000bac00000| Complete |  0
| 941|0x00000000bad00000, 0x00000000bae00000, 0x00000000bae00000|100%| E|CS|TAMS 0x00000000bad00000| PB 0x00000000bad00000| Complete |  0
| 942|0x00000000bae00000, 0x00000000baf00000, 0x00000000baf00000|100%| E|CS|TAMS 0x00000000bae00000| PB 0x00000000bae00000| Complete |  0
| 943|0x00000000baf00000, 0x00000000bb000000, 0x00000000bb000000|100%| E|CS|TAMS 0x00000000baf00000| PB 0x00000000baf00000| Complete |  0
| 944|0x00000000bb000000, 0x00000000bb100000, 0x00000000bb100000|100%| E|CS|TAMS 0x00000000bb000000| PB 0x00000000bb000000| Complete |  0
| 945|0x00000000bb100000, 0x00000000bb200000, 0x00000000bb200000|100%| E|CS|TAMS 0x00000000bb100000| PB 0x00000000bb100000| Complete |  0
| 946|0x00000000bb200000, 0x00000000bb300000, 0x00000000bb300000|100%| E|CS|TAMS 0x00000000bb200000| PB 0x00000000bb200000| Complete |  0
| 947|0x00000000bb300000, 0x00000000bb400000, 0x00000000bb400000|100%| E|CS|TAMS 0x00000000bb300000| PB 0x00000000bb300000| Complete |  0
| 948|0x00000000bb400000, 0x00000000bb500000, 0x00000000bb500000|100%| E|CS|TAMS 0x00000000bb400000| PB 0x00000000bb400000| Complete |  0
| 949|0x00000000bb500000, 0x00000000bb600000, 0x00000000bb600000|100%| E|CS|TAMS 0x00000000bb500000| PB 0x00000000bb500000| Complete |  0
| 950|0x00000000bb600000, 0x00000000bb700000, 0x00000000bb700000|100%| E|CS|TAMS 0x00000000bb600000| PB 0x00000000bb600000| Complete |  0
| 951|0x00000000bb700000, 0x00000000bb800000, 0x00000000bb800000|100%| E|CS|TAMS 0x00000000bb700000| PB 0x00000000bb700000| Complete |  0
| 952|0x00000000bb800000, 0x00000000bb900000, 0x00000000bb900000|100%| E|CS|TAMS 0x00000000bb800000| PB 0x00000000bb800000| Complete |  0
| 953|0x00000000bb900000, 0x00000000bba00000, 0x00000000bba00000|100%| E|CS|TAMS 0x00000000bb900000| PB 0x00000000bb900000| Complete |  0
| 954|0x00000000bba00000, 0x00000000bbb00000, 0x00000000bbb00000|100%| E|CS|TAMS 0x00000000bba00000| PB 0x00000000bba00000| Complete |  0
| 955|0x00000000bbb00000, 0x00000000bbc00000, 0x00000000bbc00000|100%| E|CS|TAMS 0x00000000bbb00000| PB 0x00000000bbb00000| Complete |  0
| 956|0x00000000bbc00000, 0x00000000bbd00000, 0x00000000bbd00000|100%| E|CS|TAMS 0x00000000bbc00000| PB 0x00000000bbc00000| Complete |  0
| 957|0x00000000bbd00000, 0x00000000bbe00000, 0x00000000bbe00000|100%| E|CS|TAMS 0x00000000bbd00000| PB 0x00000000bbd00000| Complete |  0
| 958|0x00000000bbe00000, 0x00000000bbf00000, 0x00000000bbf00000|100%| E|CS|TAMS 0x00000000bbe00000| PB 0x00000000bbe00000| Complete |  0
| 959|0x00000000bbf00000, 0x00000000bc000000, 0x00000000bc000000|100%| E|CS|TAMS 0x00000000bbf00000| PB 0x00000000bbf00000| Complete |  0
| 960|0x00000000bc000000, 0x00000000bc100000, 0x00000000bc100000|100%| E|CS|TAMS 0x00000000bc000000| PB 0x00000000bc000000| Complete |  0
| 961|0x00000000bc100000, 0x00000000bc200000, 0x00000000bc200000|100%| E|CS|TAMS 0x00000000bc100000| PB 0x00000000bc100000| Complete |  0
| 962|0x00000000bc200000, 0x00000000bc300000, 0x00000000bc300000|100%| E|CS|TAMS 0x00000000bc200000| PB 0x00000000bc200000| Complete |  0
| 963|0x00000000bc300000, 0x00000000bc400000, 0x00000000bc400000|100%| E|CS|TAMS 0x00000000bc300000| PB 0x00000000bc300000| Complete |  0
| 964|0x00000000bc400000, 0x00000000bc500000, 0x00000000bc500000|100%| E|CS|TAMS 0x00000000bc400000| PB 0x00000000bc400000| Complete |  0
| 965|0x00000000bc500000, 0x00000000bc600000, 0x00000000bc600000|100%| E|CS|TAMS 0x00000000bc500000| PB 0x00000000bc500000| Complete |  0
| 966|0x00000000bc600000, 0x00000000bc700000, 0x00000000bc700000|100%| E|CS|TAMS 0x00000000bc600000| PB 0x00000000bc600000| Complete |  0
| 967|0x00000000bc700000, 0x00000000bc800000, 0x00000000bc800000|100%| E|CS|TAMS 0x00000000bc700000| PB 0x00000000bc700000| Complete |  0
| 968|0x00000000bc800000, 0x00000000bc900000, 0x00000000bc900000|100%| E|CS|TAMS 0x00000000bc800000| PB 0x00000000bc800000| Complete |  0
| 969|0x00000000bc900000, 0x00000000bca00000, 0x00000000bca00000|100%| E|CS|TAMS 0x00000000bc900000| PB 0x00000000bc900000| Complete |  0
| 970|0x00000000bca00000, 0x00000000bcb00000, 0x00000000bcb00000|100%| E|CS|TAMS 0x00000000bca00000| PB 0x00000000bca00000| Complete |  0
| 971|0x00000000bcb00000, 0x00000000bcc00000, 0x00000000bcc00000|100%| E|CS|TAMS 0x00000000bcb00000| PB 0x00000000bcb00000| Complete |  0
| 972|0x00000000bcc00000, 0x00000000bcd00000, 0x00000000bcd00000|100%| E|CS|TAMS 0x00000000bcc00000| PB 0x00000000bcc00000| Complete |  0
| 973|0x00000000bcd00000, 0x00000000bce00000, 0x00000000bce00000|100%| E|CS|TAMS 0x00000000bcd00000| PB 0x00000000bcd00000| Complete |  0
| 974|0x00000000bce00000, 0x00000000bcf00000, 0x00000000bcf00000|100%| E|CS|TAMS 0x00000000bce00000| PB 0x00000000bce00000| Complete |  0
|2007|0x00000000fd700000, 0x00000000fd800000, 0x00000000fd800000|100%| E|CS|TAMS 0x00000000fd700000| PB 0x00000000fd700000| Complete |  0
|2008|0x00000000fd800000, 0x00000000fd900000, 0x00000000fd900000|100%| E|CS|TAMS 0x00000000fd800000| PB 0x00000000fd800000| Complete |  0
|2009|0x00000000fd900000, 0x00000000fda00000, 0x00000000fda00000|100%| E|CS|TAMS 0x00000000fd900000| PB 0x00000000fd900000| Complete |  0
|2010|0x00000000fda00000, 0x00000000fdb00000, 0x00000000fdb00000|100%| E|CS|TAMS 0x00000000fda00000| PB 0x00000000fda00000| Complete |  0
|2011|0x00000000fdb00000, 0x00000000fdc00000, 0x00000000fdc00000|100%| E|CS|TAMS 0x00000000fdb00000| PB 0x00000000fdb00000| Complete |  0
|2012|0x00000000fdc00000, 0x00000000fdd00000, 0x00000000fdd00000|100%| E|CS|TAMS 0x00000000fdc00000| PB 0x00000000fdc00000| Complete |  0
|2013|0x00000000fdd00000, 0x00000000fde00000, 0x00000000fde00000|100%| E|CS|TAMS 0x00000000fdd00000| PB 0x00000000fdd00000| Complete |  0
|2014|0x00000000fde00000, 0x00000000fdf00000, 0x00000000fdf00000|100%| E|CS|TAMS 0x00000000fde00000| PB 0x00000000fde00000| Complete |  0
|2015|0x00000000fdf00000, 0x00000000fe000000, 0x00000000fe000000|100%| E|CS|TAMS 0x00000000fdf00000| PB 0x00000000fdf00000| Complete |  0
|2016|0x00000000fe000000, 0x00000000fe100000, 0x00000000fe100000|100%| E|CS|TAMS 0x00000000fe000000| PB 0x00000000fe000000| Complete |  0
|2017|0x00000000fe100000, 0x00000000fe200000, 0x00000000fe200000|100%| E|CS|TAMS 0x00000000fe100000| PB 0x00000000fe100000| Complete |  0
|2018|0x00000000fe200000, 0x00000000fe300000, 0x00000000fe300000|100%| E|CS|TAMS 0x00000000fe200000| PB 0x00000000fe200000| Complete |  0
|2019|0x00000000fe300000, 0x00000000fe400000, 0x00000000fe400000|100%| E|CS|TAMS 0x00000000fe300000| PB 0x00000000fe300000| Complete |  0
|2020|0x00000000fe400000, 0x00000000fe500000, 0x00000000fe500000|100%| E|CS|TAMS 0x00000000fe400000| PB 0x00000000fe400000| Complete |  0
|2021|0x00000000fe500000, 0x00000000fe600000, 0x00000000fe600000|100%| E|CS|TAMS 0x00000000fe500000| PB 0x00000000fe500000| Complete |  0
|2022|0x00000000fe600000, 0x00000000fe700000, 0x00000000fe700000|100%| E|CS|TAMS 0x00000000fe600000| PB 0x00000000fe600000| Complete |  0
|2023|0x00000000fe700000, 0x00000000fe800000, 0x00000000fe800000|100%| E|CS|TAMS 0x00000000fe700000| PB 0x00000000fe700000| Complete |  0
|2024|0x00000000fe800000, 0x00000000fe900000, 0x00000000fe900000|100%| E|CS|TAMS 0x00000000fe800000| PB 0x00000000fe800000| Complete |  0
|2025|0x00000000fe900000, 0x00000000fea00000, 0x00000000fea00000|100%| E|CS|TAMS 0x00000000fe900000| PB 0x00000000fe900000| Complete |  0
|2026|0x00000000fea00000, 0x00000000feb00000, 0x00000000feb00000|100%| E|CS|TAMS 0x00000000fea00000| PB 0x00000000fea00000| Complete |  0
|2027|0x00000000feb00000, 0x00000000fec00000, 0x00000000fec00000|100%| E|CS|TAMS 0x00000000feb00000| PB 0x00000000feb00000| Complete |  0
|2028|0x00000000fec00000, 0x00000000fed00000, 0x00000000fed00000|100%| E|CS|TAMS 0x00000000fec00000| PB 0x00000000fec00000| Complete |  0
|2029|0x00000000fed00000, 0x00000000fee00000, 0x00000000fee00000|100%| E|CS|TAMS 0x00000000fed00000| PB 0x00000000fed00000| Complete |  0
|2030|0x00000000fee00000, 0x00000000fef00000, 0x00000000fef00000|100%| E|CS|TAMS 0x00000000fee00000| PB 0x00000000fee00000| Complete |  0
|2031|0x00000000fef00000, 0x00000000ff000000, 0x00000000ff000000|100%| E|CS|TAMS 0x00000000fef00000| PB 0x00000000fef00000| Complete |  0
|2032|0x00000000ff000000, 0x00000000ff100000, 0x00000000ff100000|100%| E|CS|TAMS 0x00000000ff000000| PB 0x00000000ff000000| Complete |  0
|2033|0x00000000ff100000, 0x00000000ff200000, 0x00000000ff200000|100%| E|CS|TAMS 0x00000000ff100000| PB 0x00000000ff100000| Complete |  0
|2034|0x00000000ff200000, 0x00000000ff300000, 0x00000000ff300000|100%| E|CS|TAMS 0x00000000ff200000| PB 0x00000000ff200000| Complete |  0
|2035|0x00000000ff300000, 0x00000000ff400000, 0x00000000ff400000|100%| E|CS|TAMS 0x00000000ff300000| PB 0x00000000ff300000| Complete |  0
|2036|0x00000000ff400000, 0x00000000ff500000, 0x00000000ff500000|100%| E|CS|TAMS 0x00000000ff400000| PB 0x00000000ff400000| Complete |  0
|2037|0x00000000ff500000, 0x00000000ff600000, 0x00000000ff600000|100%| O|  |TAMS 0x00000000ff500000| PB 0x00000000ff500000| Untracked |  0
|2038|0x00000000ff600000, 0x00000000ff700000, 0x00000000ff700000|100%| O|  |TAMS 0x00000000ff600000| PB 0x00000000ff600000| Untracked |  0
|2039|0x00000000ff700000, 0x00000000ff800000, 0x00000000ff800000|100%| E|CS|TAMS 0x00000000ff700000| PB 0x00000000ff700000| Complete |  0
|2040|0x00000000ff800000, 0x00000000ff900000, 0x00000000ff900000|100%| O|  |TAMS 0x00000000ff800000| PB 0x00000000ff800000| Untracked |  0
|2041|0x00000000ff900000, 0x00000000ffa00000, 0x00000000ffa00000|100%| E|CS|TAMS 0x00000000ff900000| PB 0x00000000ff900000| Complete |  0
|2042|0x00000000ffa00000, 0x00000000ffb00000, 0x00000000ffb00000|100%| E|CS|TAMS 0x00000000ffa00000| PB 0x00000000ffa00000| Complete |  0
|2043|0x00000000ffb00000, 0x00000000ffc00000, 0x00000000ffc00000|100%| O|  |TAMS 0x00000000ffb00000| PB 0x00000000ffb00000| Untracked |  0
|2044|0x00000000ffc00000, 0x00000000ffd00000, 0x00000000ffd00000|100%| O|  |TAMS 0x00000000ffc00000| PB 0x00000000ffc00000| Untracked |  0
|2045|0x00000000ffd00000, 0x00000000ffe00000, 0x00000000ffe00000|100%| O|  |TAMS 0x00000000ffd00000| PB 0x00000000ffd00000| Untracked |  0
|2046|0x00000000ffe00000, 0x00000000fff00000, 0x00000000fff00000|100%| O|  |TAMS 0x00000000ffe00000| PB 0x00000000ffe00000| Untracked |  0
|2047|0x00000000fff00000, 0x0000000100000000, 0x0000000100000000|100%| O|  |TAMS 0x00000000fff00000| PB 0x00000000fff00000| Untracked |  0

Card table byte_map: [0x00000282fb570000,0x00000282fb970000] _byte_map_base: 0x00000282fb170000

Marking Bits: (CMBitMap*) 0x00000282f20f67e0
 Bits: [0x00000282fb970000, 0x00000282fd970000)

Polling page: 0x00000282efe20000

Metaspace:

Usage:
  Non-class:    325.36 MB used.
      Class:     47.25 MB used.
       Both:    372.61 MB used.

Virtual space:
  Non-class space:      384.00 MB reserved,     327.25 MB ( 85%) committed,  6 nodes.
      Class space:        1.00 GB reserved,      49.00 MB (  5%) committed,  1 nodes.
             Both:        1.38 GB reserved,     376.25 MB ( 27%) committed. 

Chunk freelists:
   Non-Class:  8.45 MB
       Class:  15.05 MB
        Both:  23.50 MB

MaxMetaspaceSize: unlimited
CompressedClassSpaceSize: 1.00 GB
Initial GC threshold: 21.00 MB
Current GC threshold: 604.06 MB
CDS: on
 - commit_granule_bytes: 65536.
 - commit_granule_words: 8192.
 - virtual_space_node_default_size: 8388608.
 - enlarge_chunks_in_place: 1.
 - use_allocation_guard: 0.


Internal statistics:

num_allocs_failed_limit: 9.
num_arena_births: 5984.
num_arena_deaths: 182.
num_vsnodes_births: 7.
num_vsnodes_deaths: 0.
num_space_committed: 6007.
num_space_uncommitted: 3.
num_chunks_returned_to_freelist: 295.
num_chunks_taken_from_freelist: 22086.
num_chunk_merges: 99.
num_chunk_splits: 15369.
num_chunks_enlarged: 10390.
num_inconsistent_stats: 0.

CodeHeap 'non-profiled nmethods': size=119232Kb used=22812Kb max_used=24686Kb free=96419Kb
 bounds [0x0000028287b90000, 0x00000282893b0000, 0x000002828f000000]
CodeHeap 'profiled nmethods': size=119104Kb used=38580Kb max_used=48359Kb free=80523Kb
 bounds [0x0000028280000000, 0x0000028282f40000, 0x0000028287450000]
CodeHeap 'non-nmethods': size=7424Kb used=4841Kb max_used=4886Kb free=2582Kb
 bounds [0x0000028287450000, 0x0000028287920000, 0x0000028287b90000]
CodeCache: size=245760Kb, used=66233Kb, max_used=77931Kb, free=179524Kb
 total_blobs=28329, nmethods=26924, adapters=1301, full_count=0
Compilation: enabled, stopped_count=0, restarted_count=0

Compilation events (20 events):
Event: 241.287 Thread 0x0000028307aa7f30 nmethod 76893 0x0000028281fe9e88 code [0x0000028281fe9fa0, 0x0000028281fea0d0]
Event: 241.287 Thread 0x000002828fb35740 nmethod 76892 0x0000028281feb508 code [0x0000028281feb620, 0x0000028281feb738]
Event: 241.290 Thread 0x000002828fb2ec70 nmethod 76890 0x000002828897fd08 code [0x000002828897fe80, 0x00000282889804a0]
Event: 241.290 Thread 0x000002828fb2ec70 76464       4       com.intellij.psi.stubs.StubList$TempState::ensureCapacityForNextChild (153 bytes)
Event: 241.296 Thread 0x000002828fb2ec70 nmethod 76464 0x00000282883b4f08 code [0x00000282883b50a0, 0x00000282883b5770]
Event: 241.296 Thread 0x000002828fb2ec70 76437       4       com.intellij.psi.stubs.MaterialStubList::addStub (25 bytes)
Event: 241.300 Thread 0x0000028307aa7f30 76894       1       org.jetbrains.kotlin.fir.declarations.impl.FirDeclarationStatusImpl$Modifier::getMask (5 bytes)
Event: 241.300 Thread 0x000002828fb35740 76895       2       org.jetbrains.kotlin.fir.caches.FirCachesFactoryKt::getFirCachesFactory (25 bytes)
Event: 241.300 Thread 0x0000028307aa7f30 nmethod 76894 0x0000028288e34208 code [0x0000028288e34320, 0x0000028288e343e8]
Event: 241.300 Thread 0x000002828fb35740 nmethod 76895 0x0000028281623c08 code [0x0000028281623d80, 0x0000028281624098]
Event: 241.301 Thread 0x000002830eab3690 nmethod 76461 0x00000282882fdf08 code [0x00000282882fe1c0, 0x00000282882ff838]
Event: 241.301 Thread 0x000002830eab3690 76460       4       com.intellij.psi.stubs.StubBase::<init> (106 bytes)
Event: 241.303 Thread 0x000002828fb35740 76896       3       com.sun.org.apache.xerces.internal.impl.dtd.XMLDTDDescription::<init> (35 bytes)
Event: 241.303 Thread 0x0000028307aa7f30 76897       2       com.sun.org.apache.xerces.internal.impl.XMLErrorReporter::getMessageFormatter (14 bytes)
Event: 241.303 Thread 0x0000028307aa7f30 nmethod 76897 0x0000028281feec08 code [0x0000028281feed20, 0x0000028281feeeb0]
Event: 241.303 Thread 0x000002828fb35740 nmethod 76896 0x0000028281669008 code [0x0000028281669140, 0x00000282816694c0]
Event: 241.306 Thread 0x0000028307aa7f30 76898 %     3       com.intellij.codeInsight.BaseExternalAnnotationsManager::hasInvalidAttribute @ 13 (85 bytes)
Event: 241.306 Thread 0x0000028307aa7f30 nmethod 76898% 0x000002828146ea88 code [0x000002828146ec00, 0x000002828146f1e8]
Event: 241.307 Thread 0x0000028307aa7190 76899       3       com.intellij.codeInsight.BaseExternalAnnotationsManager::hasInvalidAttribute (85 bytes)
Event: 241.307 Thread 0x0000028307aa7190 nmethod 76899 0x0000028281ca7b08 code [0x0000028281ca7c80, 0x0000028281ca81d0]

GC Heap History (20 events):
Event: 230.812 GC heap before
{Heap before GC invocations=151 (full 0):
 garbage-first heap   total reserved 2097152K, committed 993280K, used 422750K [0x0000000080000000, 0x0000000100000000)
  region size 1024K, 152 young (155648K), 31 survivors (31744K)
 Metaspace       used 322182K, committed 325376K, reserved 1376256K
  class space    used 41105K, committed 42624K, reserved 1048576K
}
Event: 230.827 GC heap after
{Heap after GC invocations=152 (full 0):
 garbage-first heap   total reserved 2097152K, committed 993280K, used 304976K [0x0000000080000000, 0x0000000100000000)
  region size 1024K, 35 young (35840K), 35 survivors (35840K)
 Metaspace       used 322182K, committed 325376K, reserved 1376256K
  class space    used 41105K, committed 42624K, reserved 1048576K
}
Event: 232.709 GC heap before
{Heap before GC invocations=153 (full 0):
 garbage-first heap   total reserved 2097152K, committed 993280K, used 928592K [0x0000000080000000, 0x0000000100000000)
  region size 1024K, 582 young (595968K), 35 survivors (35840K)
 Metaspace       used 329506K, committed 332736K, reserved 1376256K
  class space    used 42241K, committed 43776K, reserved 1048576K
}
Event: 232.743 GC heap after
{Heap after GC invocations=154 (full 0):
 garbage-first heap   total reserved 2097152K, committed 1006592K, used 376689K [0x0000000080000000, 0x0000000100000000)
  region size 1024K, 73 young (74752K), 73 survivors (74752K)
 Metaspace       used 329506K, committed 332736K, reserved 1376256K
  class space    used 42241K, committed 43776K, reserved 1048576K
}
Event: 233.816 GC heap before
{Heap before GC invocations=154 (full 0):
 garbage-first heap   total reserved 2097152K, committed 1006592K, used 885617K [0x0000000080000000, 0x0000000100000000)
  region size 1024K, 565 young (578560K), 73 survivors (74752K)
 Metaspace       used 333653K, committed 336832K, reserved 1376256K
  class space    used 42850K, committed 44352K, reserved 1048576K
}
Event: 233.874 GC heap after
{Heap after GC invocations=155 (full 0):
 garbage-first heap   total reserved 2097152K, committed 1036288K, used 425290K [0x0000000080000000, 0x0000000100000000)
  region size 1024K, 71 young (72704K), 71 survivors (72704K)
 Metaspace       used 333653K, committed 336832K, reserved 1376256K
  class space    used 42850K, committed 44352K, reserved 1048576K
}
Event: 233.881 GC heap before
{Heap before GC invocations=155 (full 0):
 garbage-first heap   total reserved 2097152K, committed 1036288K, used 438602K [0x0000000080000000, 0x0000000100000000)
  region size 1024K, 85 young (87040K), 71 survivors (72704K)
 Metaspace       used 333653K, committed 336832K, reserved 1376256K
  class space    used 42850K, committed 44352K, reserved 1048576K
}
Event: 233.903 GC heap after
{Heap after GC invocations=156 (full 0):
 garbage-first heap   total reserved 2097152K, committed 1036288K, used 435121K [0x0000000080000000, 0x0000000100000000)
  region size 1024K, 7 young (7168K), 7 survivors (7168K)
 Metaspace       used 333653K, committed 336832K, reserved 1376256K
  class space    used 42850K, committed 44352K, reserved 1048576K
}
Event: 235.167 GC heap before
{Heap before GC invocations=157 (full 0):
 garbage-first heap   total reserved 2097152K, committed 1036288K, used 897969K [0x0000000080000000, 0x0000000100000000)
  region size 1024K, 439 young (449536K), 7 survivors (7168K)
 Metaspace       used 343154K, committed 346368K, reserved 1376256K
  class space    used 43877K, committed 45376K, reserved 1048576K
}
Event: 235.184 GC heap after
{Heap after GC invocations=158 (full 0):
 garbage-first heap   total reserved 2097152K, committed 1036288K, used 499406K [0x0000000080000000, 0x0000000100000000)
  region size 1024K, 51 young (52224K), 51 survivors (52224K)
 Metaspace       used 343154K, committed 346368K, reserved 1376256K
  class space    used 43877K, committed 45376K, reserved 1048576K
}
Event: 236.281 GC heap before
{Heap before GC invocations=158 (full 0):
 garbage-first heap   total reserved 2097152K, committed 1036288K, used 938702K [0x0000000080000000, 0x0000000100000000)
  region size 1024K, 439 young (449536K), 51 survivors (52224K)
 Metaspace       used 351380K, committed 354624K, reserved 1376256K
  class space    used 44730K, committed 46272K, reserved 1048576K
}
Event: 236.311 GC heap after
{Heap after GC invocations=159 (full 0):
 garbage-first heap   total reserved 2097152K, committed 1040384K, used 534961K [0x0000000080000000, 0x0000000100000000)
  region size 1024K, 49 young (50176K), 49 survivors (50176K)
 Metaspace       used 351380K, committed 354624K, reserved 1376256K
  class space    used 44730K, committed 46272K, reserved 1048576K
}
Event: 236.701 GC heap before
{Heap before GC invocations=159 (full 0):
 garbage-first heap   total reserved 2097152K, committed 1040384K, used 609713K [0x0000000080000000, 0x0000000100000000)
  region size 1024K, 124 young (126976K), 49 survivors (50176K)
 Metaspace       used 354135K, committed 357440K, reserved 1376256K
  class space    used 45018K, committed 46592K, reserved 1048576K
}
Event: 236.716 GC heap after
{Heap after GC invocations=160 (full 0):
 garbage-first heap   total reserved 2097152K, committed 1040384K, used 546737K [0x0000000080000000, 0x0000000100000000)
  region size 1024K, 13 young (13312K), 13 survivors (13312K)
 Metaspace       used 354135K, committed 357440K, reserved 1376256K
  class space    used 45018K, committed 46592K, reserved 1048576K
}
Event: 237.677 GC heap before
{Heap before GC invocations=161 (full 0):
 garbage-first heap   total reserved 2097152K, committed 1040384K, used 927665K [0x0000000080000000, 0x0000000100000000)
  region size 1024K, 360 young (368640K), 13 survivors (13312K)
 Metaspace       used 358087K, committed 361728K, reserved 1376256K
  class space    used 45550K, committed 47232K, reserved 1048576K
}
Event: 237.684 GC heap after
{Heap after GC invocations=162 (full 0):
 garbage-first heap   total reserved 2097152K, committed 1040384K, used 549111K [0x0000000080000000, 0x0000000100000000)
  region size 1024K, 13 young (13312K), 13 survivors (13312K)
 Metaspace       used 358087K, committed 361728K, reserved 1376256K
  class space    used 45550K, committed 47232K, reserved 1048576K
}
Event: 238.802 GC heap before
{Heap before GC invocations=162 (full 0):
 garbage-first heap   total reserved 2097152K, committed 1040384K, used 925943K [0x0000000080000000, 0x0000000100000000)
  region size 1024K, 376 young (385024K), 13 survivors (13312K)
 Metaspace       used 363896K, committed 367552K, reserved 1376256K
  class space    used 46290K, committed 48000K, reserved 1048576K
}
Event: 238.906 GC heap after
{Heap after GC invocations=163 (full 0):
 garbage-first heap   total reserved 2097152K, committed 1040384K, used 473965K [0x0000000080000000, 0x0000000100000000)
  region size 1024K, 31 young (31744K), 31 survivors (31744K)
 Metaspace       used 363896K, committed 367552K, reserved 1376256K
  class space    used 46290K, committed 48000K, reserved 1048576K
}
Event: 239.386 GC heap before
{Heap before GC invocations=163 (full 0):
 garbage-first heap   total reserved 2097152K, committed 1040384K, used 769901K [0x0000000080000000, 0x0000000100000000)
  region size 1024K, 321 young (328704K), 31 survivors (31744K)
 Metaspace       used 366244K, committed 369984K, reserved 1376256K
  class space    used 46573K, committed 48320K, reserved 1048576K
}
Event: 239.399 GC heap after
{Heap after GC invocations=164 (full 0):
 garbage-first heap   total reserved 2097152K, committed 1040384K, used 477359K [0x0000000080000000, 0x0000000100000000)
  region size 1024K, 26 young (26624K), 26 survivors (26624K)
 Metaspace       used 366244K, committed 369984K, reserved 1376256K
  class space    used 46573K, committed 48320K, reserved 1048576K
}

Dll operation events (20 events):
Event: 0.046 Loaded shared library C:\Program Files\Java\jdk-23\bin\jsvml.dll
Event: 0.103 Loaded shared library C:\Program Files\Java\jdk-23\bin\zip.dll
Event: 0.107 Loaded shared library C:\Program Files\Java\jdk-23\bin\instrument.dll
Event: 0.111 Loaded shared library C:\Program Files\Java\jdk-23\bin\net.dll
Event: 0.113 Loaded shared library C:\Program Files\Java\jdk-23\bin\nio.dll
Event: 0.115 Loaded shared library C:\Program Files\Java\jdk-23\bin\zip.dll
Event: 0.296 Loaded shared library C:\Program Files\Java\jdk-23\bin\jimage.dll
Event: 0.403 Loaded shared library C:\Program Files\Java\jdk-23\bin\verify.dll
Event: 0.555 Loaded shared library C:\Users\user\.gradle\native\c067742578af261105cb4f569cf0c3c89f3d7b1fecec35dd04571415982c5e48\windows-amd64\native-platform.dll
Event: 0.563 Loaded shared library C:\Users\user\.gradle\native\100fb08df4bc3b14c8652ba06237920a3bd2aa13389f12d3474272988ae205f9\windows-amd64\native-platform-file-events.dll
Event: 1.452 Loaded shared library C:\Program Files\Java\jdk-23\bin\management.dll
Event: 1.454 Loaded shared library C:\Program Files\Java\jdk-23\bin\management_ext.dll
Event: 1.633 Loaded shared library C:\Program Files\Java\jdk-23\bin\extnet.dll
Event: 1.767 Loaded shared library C:\Program Files\Java\jdk-23\bin\sunmscapi.dll
Event: 80.620 Loaded shared library C:\Users\user\AppData\Local\Temp\native-platform7936693289345299709dir\native-platform.dll
Event: 81.273 Loaded shared library C:\Program Files\Java\jdk-23\bin\rmi.dll
Event: 94.982 Loaded shared library C:\Users\user\AppData\Local\Temp\sqlite-3.41.2.2-9aba9f62-3cc1-41a5-ae0b-9fa040ad5ecf-sqlitejdbc.dll
Event: 95.042 Loaded shared library C:\Users\user\AppData\Local\Temp\sqlite-3.41.2.2-e19b0280-4c9e-450b-a4bb-5cb07ce3a192-sqlitejdbc.dll
Event: 240.265 Loaded shared library C:\Program Files\Java\jdk-23\bin\awt.dll
Event: 240.479 Loaded shared library C:\Users\user\AppData\Local\Temp\jna-3599307\jna1904703906317306042.dll

Deoptimization events (20 events):
Event: 241.311 Thread 0x00000282dca6d730 DEOPT PACKING pc=0x00000282886dc740 sp=0x000000fdc1ef8d70
Event: 241.311 Thread 0x00000282dca6d730 DEOPT UNPACKING pc=0x00000282874a7982 sp=0x000000fdc1ef8cd8 mode 2
Event: 241.311 Thread 0x00000282edbf2e10 DEOPT PACKING pc=0x00000282886dc740 sp=0x000000fdc28f8f80
Event: 241.312 Thread 0x00000282edbf2e10 DEOPT UNPACKING pc=0x00000282874a7982 sp=0x000000fdc28f8ee8 mode 2
Event: 241.312 Thread 0x00000282edbf2e10 Uncommon trap: trap_request=0xffffff45 fr.pc=0x0000028288a6c528 relative=0x0000000000005388
Event: 241.312 Thread 0x00000282dca6d730 Uncommon trap: trap_request=0xffffff45 fr.pc=0x0000028288a6c528 relative=0x0000000000005388
Event: 241.312 Thread 0x00000282edbf2e10 Uncommon trap: reason=unstable_if action=reinterpret pc=0x0000028288a6c528 method=com.sun.org.apache.xerces.internal.parsers.AbstractSAXParser.startElement(Lcom/sun/org/apache/xerces/internal/xni/QName;Lcom/sun/org/apache/xerces/internal/xni/XMLAttributes
Event: 241.312 Thread 0x00000282dca6d730 Uncommon trap: reason=unstable_if action=reinterpret pc=0x0000028288a6c528 method=com.sun.org.apache.xerces.internal.parsers.AbstractSAXParser.startElement(Lcom/sun/org/apache/xerces/internal/xni/QName;Lcom/sun/org/apache/xerces/internal/xni/XMLAttributes
Event: 241.312 Thread 0x00000282edbf2e10 DEOPT PACKING pc=0x0000028288a6c528 sp=0x000000fdc28f8fe0
Event: 241.312 Thread 0x00000282edbf2e10 DEOPT UNPACKING pc=0x00000282874a7982 sp=0x000000fdc28f9040 mode 2
Event: 241.312 Thread 0x00000282dca6d730 DEOPT PACKING pc=0x0000028288a6c528 sp=0x000000fdc1ef8dd0
Event: 241.312 Thread 0x00000282dca6d730 DEOPT UNPACKING pc=0x00000282874a7982 sp=0x000000fdc1ef8e30 mode 2
Event: 241.312 Thread 0x00000282edbf2e10 Uncommon trap: trap_request=0xffffff45 fr.pc=0x0000028288d68b64 relative=0x0000000000004ec4
Event: 241.312 Thread 0x00000282dca6d730 Uncommon trap: trap_request=0xffffff45 fr.pc=0x0000028288d68b64 relative=0x0000000000004ec4
Event: 241.312 Thread 0x00000282dca6d730 Uncommon trap: reason=unstable_if action=reinterpret pc=0x0000028288d68b64 method=com.sun.org.apache.xerces.internal.parsers.AbstractSAXParser.startElement(Lcom/sun/org/apache/xerces/internal/xni/QName;Lcom/sun/org/apache/xerces/internal/xni/XMLAttributes
Event: 241.312 Thread 0x00000282edbf2e10 Uncommon trap: reason=unstable_if action=reinterpret pc=0x0000028288d68b64 method=com.sun.org.apache.xerces.internal.parsers.AbstractSAXParser.startElement(Lcom/sun/org/apache/xerces/internal/xni/QName;Lcom/sun/org/apache/xerces/internal/xni/XMLAttributes
Event: 241.312 Thread 0x00000282dca6d730 DEOPT PACKING pc=0x0000028288d68b64 sp=0x000000fdc1ef8da0
Event: 241.312 Thread 0x00000282edbf2e10 DEOPT PACKING pc=0x0000028288d68b64 sp=0x000000fdc28f8fb0
Event: 241.312 Thread 0x00000282dca6d730 DEOPT UNPACKING pc=0x00000282874a7982 sp=0x000000fdc1ef8db8 mode 2
Event: 241.312 Thread 0x00000282edbf2e10 DEOPT UNPACKING pc=0x00000282874a7982 sp=0x000000fdc28f8fc8 mode 2

Classes loaded (20 events):
Event: 240.466 Loading class sun/awt/AppContext$1
Event: 240.466 Loading class sun/awt/AppContext$1 done
Event: 240.466 Loading class java/awt/Queue
Event: 240.466 Loading class java/awt/Queue done
Event: 240.467 Loading class sun/awt/MostRecentKeyValue
Event: 240.467 Loading class sun/awt/MostRecentKeyValue done
Event: 240.467 Loading class sun/awt/PostEventQueue
Event: 240.467 Loading class sun/awt/PostEventQueue done
Event: 240.479 Loading class java/nio/FloatBuffer
Event: 240.480 Loading class java/nio/FloatBuffer done
Event: 240.480 Loading class java/nio/DoubleBuffer
Event: 240.481 Loading class java/nio/DoubleBuffer done
Event: 240.679 Loading class java/text/ChoiceFormat
Event: 240.681 Loading class java/text/ChoiceFormat done
Event: 240.774 Loading class java/math/BigDecimal$StringBuilderHelper
Event: 240.774 Loading class java/math/BigDecimal$StringBuilderHelper done
Event: 240.839 Loading class java/lang/Character$UnicodeBlock
Event: 240.841 Loading class java/lang/Character$Subset
Event: 240.841 Loading class java/lang/Character$Subset done
Event: 240.843 Loading class java/lang/Character$UnicodeBlock done

Classes unloaded (20 events):
Event: 231.003 Thread 0x000002828fa813b0 Unloading class 0x000002829330a000 'androidx/room/compiler/processing/javac/JavacBasicAnnotationProcessor$xEnv$2'
Event: 231.003 Thread 0x000002828fa813b0 Unloading class 0x0000028293309d38 'kotlin/jvm/functions/Function0'
Event: 231.003 Thread 0x000002828fa813b0 Unloading class 0x0000028293309ad0 'kotlin/KotlinNullPointerException'
Event: 231.003 Thread 0x000002828fa813b0 Unloading class 0x0000028293309870 'kotlin/UninitializedPropertyAccessException'
Event: 231.003 Thread 0x000002828fa813b0 Unloading class 0x0000028293309668 'kotlin/jvm/internal/Intrinsics'
Event: 231.003 Thread 0x000002828fa813b0 Unloading class 0x0000028293309428 'androidx/room/RoomProcessor$1'
Event: 231.003 Thread 0x000002828fa813b0 Unloading class 0x0000028293309200 'kotlin/jvm/internal/Lambda'
Event: 231.003 Thread 0x000002828fa813b0 Unloading class 0x0000028293309000 'kotlin/jvm/internal/FunctionBase'
Event: 231.003 Thread 0x000002828fa813b0 Unloading class 0x0000028293308c48 'kotlin/jvm/functions/Function1'
Event: 231.003 Thread 0x000002828fa813b0 Unloading class 0x0000028293308a48 'kotlin/Function'
Event: 231.003 Thread 0x000002828fa813b0 Unloading class 0x0000028293308768 'androidx/room/RoomProcessor'
Event: 231.003 Thread 0x000002828fa813b0 Unloading class 0x0000028293308488 'androidx/room/compiler/processing/javac/JavacBasicAnnotationProcessor'
Event: 231.003 Thread 0x000002828fa813b0 Unloading class 0x0000028293308288 'androidx/room/compiler/processing/XBasicAnnotationProcessor'
Event: 231.003 Thread 0x000002828fa813b0 Unloading class 0x0000028293308000 'com/bumptech/glide/annotation/compiler/GlideAnnotationProcessor'
Event: 234.126 Thread 0x000002828fa813b0 Unloading class 0x0000028293918c00 'java/lang/invoke/LambdaForm$DMH+0x0000028293918c00'
Event: 234.126 Thread 0x000002828fa813b0 Unloading class 0x0000028293919400 'java/lang/invoke/LambdaForm$DMH+0x0000028293919400'
Event: 234.126 Thread 0x000002828fa813b0 Unloading class 0x0000028293919800 'java/lang/invoke/LambdaForm$DMH+0x0000028293919800'
Event: 234.126 Thread 0x000002828fa813b0 Unloading class 0x0000028293919000 'java/lang/invoke/LambdaForm$DMH+0x0000028293919000'
Event: 234.126 Thread 0x000002828fa813b0 Unloading class 0x0000028293918800 'java/lang/invoke/LambdaForm$DMH+0x0000028293918800'
Event: 234.126 Thread 0x000002828fa813b0 Unloading class 0x0000028293918000 'java/lang/invoke/LambdaForm$DMH+0x0000028293918000'

Classes redefined (0 events):
No events

Internal exceptions (20 events):
Event: 240.999 Thread 0x00000282dca57990 Exception <a 'sun/nio/fs/WindowsException'{0x00000000adb007b8}> (0x00000000adb007b8) 
thrown [s\open\src\hotspot\share\prims\jni.cpp, line 520]
Event: 241.000 Thread 0x00000282dca57990 Exception <a 'sun/nio/fs/WindowsException'{0x00000000adb00970}> (0x00000000adb00970) 
thrown [s\open\src\hotspot\share\prims\jni.cpp, line 520]
Event: 241.003 Thread 0x00000282dca57990 Exception <a 'sun/nio/fs/WindowsException'{0x00000000adb2a680}> (0x00000000adb2a680) 
thrown [s\open\src\hotspot\share\prims\jni.cpp, line 520]
Event: 241.004 Thread 0x00000282dca57990 Exception <a 'sun/nio/fs/WindowsException'{0x00000000adb2c390}> (0x00000000adb2c390) 
thrown [s\open\src\hotspot\share\prims\jni.cpp, line 520]
Event: 241.005 Thread 0x00000282dca57990 Exception <a 'sun/nio/fs/WindowsException'{0x00000000adb2e088}> (0x00000000adb2e088) 
thrown [s\open\src\hotspot\share\prims\jni.cpp, line 520]
Event: 241.007 Thread 0x00000282dca57990 Exception <a 'sun/nio/fs/WindowsException'{0x00000000adbb9ef0}> (0x00000000adbb9ef0) 
thrown [s\open\src\hotspot\share\prims\jni.cpp, line 520]
Event: 241.026 Thread 0x00000282dca57990 Exception <a 'sun/nio/fs/WindowsException'{0x00000000ad811080}> (0x00000000ad811080) 
thrown [s\open\src\hotspot\share\prims\jni.cpp, line 520]
Event: 241.026 Thread 0x00000282dca57990 Exception <a 'sun/nio/fs/WindowsException'{0x00000000ad89f9b8}> (0x00000000ad89f9b8) 
thrown [s\open\src\hotspot\share\prims\jni.cpp, line 520]
Event: 241.027 Thread 0x00000282dca57990 Exception <a 'sun/nio/fs/WindowsException'{0x00000000ad8a1a00}> (0x00000000ad8a1a00) 
thrown [s\open\src\hotspot\share\prims\jni.cpp, line 520]
Event: 241.138 Thread 0x00000282eb7d82e0 Exception <a 'sun/nio/fs/WindowsException'{0x00000000a9f8ec00}> (0x00000000a9f8ec00) 
thrown [s\open\src\hotspot\share\prims\jni.cpp, line 520]
Event: 241.140 Thread 0x00000282eb7d82e0 Exception <a 'sun/nio/fs/WindowsException'{0x00000000a9f91058}> (0x00000000a9f91058) 
thrown [s\open\src\hotspot\share\prims\jni.cpp, line 520]
Event: 241.147 Thread 0x00000282dca57990 Exception <a 'sun/nio/fs/WindowsException'{0x00000000a9ec5018}> (0x00000000a9ec5018) 
thrown [s\open\src\hotspot\share\prims\jni.cpp, line 520]
Event: 241.147 Thread 0x00000282dca57990 Exception <a 'sun/nio/fs/WindowsException'{0x00000000a9ec6b00}> (0x00000000a9ec6b00) 
thrown [s\open\src\hotspot\share\prims\jni.cpp, line 520]
Event: 241.148 Thread 0x00000282dca57990 Exception <a 'sun/nio/fs/WindowsException'{0x00000000a9ec8390}> (0x00000000a9ec8390) 
thrown [s\open\src\hotspot\share\prims\jni.cpp, line 520]
Event: 241.218 Thread 0x00000282edbf2e10 Exception <a 'java/lang/NoSuchMethodError'{0x00000000a9584fd0}: 'java.lang.Object java.lang.invoke.DirectMethodHandle$Holder.invokeStatic(java.lang.Object, java.lang.Object, java.lang.Object, int, java.lang.Object, java.lang.Object, java.lang.Object)'> (0x00000000a9584fd0) 
thrown [s\open\src\hotspot\share\interpreter\linkResolver.cpp, line 796]
Event: 241.218 Thread 0x00000282dca6d730 Exception <a 'java/lang/NoSuchMethodError'{0x00000000a93eb100}: 'java.lang.Object java.lang.invoke.DirectMethodHandle$Holder.invokeStatic(java.lang.Object, java.lang.Object, java.lang.Object, int, java.lang.Object, java.lang.Object, java.lang.Object)'> (0x00000000a93eb100) 
thrown [s\open\src\hotspot\share\interpreter\linkResolver.cpp, line 796]
Event: 241.219 Thread 0x00000282dca6d730 Exception <a 'java/lang/NoSuchMethodError'{0x00000000a93f2d50}: 'java.lang.Object java.lang.invoke.DirectMethodHandle$Holder.newInvokeSpecial(java.lang.Object, java.lang.Object, java.lang.Object, int, java.lang.Object)'> (0x00000000a93f2d50) 
thrown [s\open\src\hotspot\share\interpreter\linkResolver.cpp, line 796]
Event: 241.219 Thread 0x00000282edbf2e10 Exception <a 'java/lang/NoSuchMethodError'{0x00000000a9232b40}: 'java.lang.Object java.lang.invoke.DirectMethodHandle$Holder.newInvokeSpecial(java.lang.Object, java.lang.Object, java.lang.Object, int, java.lang.Object)'> (0x00000000a9232b40) 
thrown [s\open\src\hotspot\share\interpreter\linkResolver.cpp, line 796]
Event: 241.219 Thread 0x00000282dca6d730 Exception <a 'java/lang/NoSuchMethodError'{0x00000000a93f6cf8}: 'java.lang.Object java.lang.invoke.Invokers$Holder.linkToTargetMethod(java.lang.Object, java.lang.Object, int, java.lang.Object, java.lang.Object)'> (0x00000000a93f6cf8) 
thrown [s\open\src\hotspot\share\interpreter\linkResolver.cpp, line 796]
Event: 241.219 Thread 0x00000282edbf2e10 Exception <a 'java/lang/NoSuchMethodError'{0x00000000a9236a00}: 'java.lang.Object java.lang.invoke.Invokers$Holder.linkToTargetMethod(java.lang.Object, java.lang.Object, int, java.lang.Object, java.lang.Object)'> (0x00000000a9236a00) 
thrown [s\open\src\hotspot\share\interpreter\linkResolver.cpp, line 796]

VM Operations (20 events):
Event: 240.516 Executing VM operation: HandshakeAllThreads (Deoptimize)
Event: 240.519 Executing VM operation: HandshakeAllThreads (Deoptimize) done
Event: 240.680 Executing VM operation: HandshakeAllThreads (Deoptimize)
Event: 240.683 Executing VM operation: HandshakeAllThreads (Deoptimize) done
Event: 240.747 Executing VM operation: HandshakeAllThreads (HandshakeForDeflation)
Event: 240.750 Executing VM operation: HandshakeAllThreads (HandshakeForDeflation) done
Event: 240.752 Executing VM operation: RendezvousGCThreads
Event: 240.752 Executing VM operation: RendezvousGCThreads done
Event: 240.797 Executing VM operation: HandshakeAllThreads (Deoptimize)
Event: 240.797 Executing VM operation: HandshakeAllThreads (Deoptimize) done
Event: 240.943 Executing VM operation: HandshakeAllThreads (Deoptimize)
Event: 240.944 Executing VM operation: HandshakeAllThreads (Deoptimize) done
Event: 240.956 Executing VM operation: HandshakeAllThreads (Deoptimize)
Event: 240.957 Executing VM operation: HandshakeAllThreads (Deoptimize) done
Event: 240.967 Executing VM operation: HandshakeAllThreads (Deoptimize)
Event: 240.968 Executing VM operation: HandshakeAllThreads (Deoptimize) done
Event: 241.219 Executing VM operation: HandshakeAllThreads (Deoptimize)
Event: 241.219 Executing VM operation: HandshakeAllThreads (Deoptimize) done
Event: 241.293 Executing VM operation: HandshakeAllThreads (Deoptimize)
Event: 241.294 Executing VM operation: HandshakeAllThreads (Deoptimize) done

Memory protections (0 events):
No events

Nmethod flushes (20 events):
Event: 240.043 Thread 0x000002828fa813b0 flushing  nmethod 0x000002828223bd08
Event: 240.043 Thread 0x000002828fa813b0 flushing  nmethod 0x0000028282245588
Event: 240.043 Thread 0x000002828fa813b0 flushing  nmethod 0x000002828236ec08
Event: 240.043 Thread 0x000002828fa813b0 flushing  nmethod 0x000002828236f988
Event: 240.043 Thread 0x000002828fa813b0 flushing  nmethod 0x0000028282373008
Event: 240.043 Thread 0x000002828fa813b0 flushing  nmethod 0x00000282823c8788
Event: 240.043 Thread 0x000002828fa813b0 flushing  nmethod 0x0000028282446888
Event: 240.043 Thread 0x000002828fa813b0 flushing  nmethod 0x000002828257e008
Event: 240.043 Thread 0x000002828fa813b0 flushing  nmethod 0x000002828257ef88
Event: 240.043 Thread 0x000002828fa813b0 flushing  nmethod 0x0000028282922508
Event: 240.043 Thread 0x000002828fa813b0 flushing  nmethod 0x0000028282923988
Event: 240.043 Thread 0x000002828fa813b0 flushing  nmethod 0x0000028282a2ac08
Event: 240.043 Thread 0x000002828fa813b0 flushing  nmethod 0x0000028282a2b008
Event: 240.043 Thread 0x000002828fa813b0 flushing  nmethod 0x0000028282b39e08
Event: 240.043 Thread 0x000002828fa813b0 flushing  nmethod 0x0000028282c8ee08
Event: 240.043 Thread 0x000002828fa813b0 flushing  nmethod 0x0000028282cd5288
Event: 240.043 Thread 0x000002828fa813b0 flushing  nmethod 0x0000028282cd5588
Event: 240.043 Thread 0x000002828fa813b0 flushing  nmethod 0x0000028282dfa088
Event: 240.043 Thread 0x000002828fa813b0 flushing  nmethod 0x0000028282e6ac88
Event: 240.043 Thread 0x000002828fa813b0 flushing  nmethod 0x0000028282e6af88

Events (20 events):
Event: 239.422 Thread 0x000002830d039c00 Thread added: 0x000002830cc4d060
Event: 239.440 Thread 0x000002830417e660 Thread added: 0x000002830a695120
Event: 239.442 Thread 0x000002828fb35740 Thread added: 0x00000283054b38d0
Event: 239.460 Thread 0x000002830417e660 Thread added: 0x000002830a6957b0
Event: 239.462 Thread 0x000002830417e660 Thread added: 0x000002830a697880
Event: 240.133 Thread 0x000002830cc4d060 Thread exited: 0x000002830cc4d060
Event: 240.133 Thread 0x000002830a697880 Thread exited: 0x000002830a697880
Event: 240.134 Thread 0x000002830a695120 Thread exited: 0x000002830a695120
Event: 240.139 Thread 0x000002830a6957b0 Thread exited: 0x000002830a6957b0
Event: 240.141 Thread 0x000002830d039c00 Thread exited: 0x000002830d039c00
Event: 240.143 Thread 0x000002830417e660 Thread exited: 0x000002830417e660
Event: 240.144 Thread 0x000002830fe1b900 Thread exited: 0x000002830fe1b900
Event: 240.190 Thread 0x000002828fb35740 Thread added: 0x000002830eab3690
Event: 240.434 Thread 0x00000282edbf2e10 Thread added: 0x000002830fe1c620
Event: 240.435 Thread 0x00000282edbf2e10 Thread added: 0x000002830fe1b900
Event: 240.436 Thread 0x00000282edbf2e10 Thread added: 0x000002830fe19ec0
Event: 241.167 Thread 0x00000282dca57990 Thread added: 0x0000028306caacb0
Event: 241.170 Thread 0x00000282dca57990 Thread added: 0x000002830417e660
Event: 241.184 Thread 0x000002830417e660 Thread added: 0x000002830cc4fe50
Event: 241.194 Thread 0x000002830d03a290 Thread added: 0x000002830e72a700


Dynamic libraries:
0x00007ff6cbe30000 - 0x00007ff6cbe40000 	C:\Program Files\Java\jdk-23\bin\java.exe
0x00007ff830d80000 - 0x00007ff830fe3000 	C:\WINDOWS\SYSTEM32\ntdll.dll
0x00007ff8303c0000 - 0x00007ff830487000 	C:\WINDOWS\System32\KERNEL32.DLL
0x00007ff82e300000 - 0x00007ff82e6c7000 	C:\WINDOWS\System32\KERNELBASE.dll
0x00007ff82e9b0000 - 0x00007ff82eafc000 	C:\WINDOWS\System32\ucrtbase.dll
0x00007ff80acc0000 - 0x00007ff80acd7000 	C:\Program Files\Java\jdk-23\bin\jli.dll
0x00007ff8177b0000 - 0x00007ff8177cb000 	C:\Program Files\Java\jdk-23\bin\VCRUNTIME140.dll
0x00007ff82f3c0000 - 0x00007ff82f589000 	C:\WINDOWS\System32\USER32.dll
0x00007ff813900000 - 0x00007ff813b90000 	C:\WINDOWS\WinSxS\amd64_microsoft.windows.common-controls_6595b64144ccf1df_6.0.26100.3037_none_3e09262ce333c378\COMCTL32.dll
0x00007ff82e980000 - 0x00007ff82e9a7000 	C:\WINDOWS\System32\win32u.dll
0x00007ff82fbd0000 - 0x00007ff82fc79000 	C:\WINDOWS\System32\msvcrt.dll
0x00007ff830730000 - 0x00007ff83075a000 	C:\WINDOWS\System32\GDI32.dll
0x00007ff82e120000 - 0x00007ff82e24b000 	C:\WINDOWS\System32\gdi32full.dll
0x00007ff82e250000 - 0x00007ff82e2f3000 	C:\WINDOWS\System32\msvcp_win.dll
0x00007ff830ba0000 - 0x00007ff830bcf000 	C:\WINDOWS\System32\IMM32.DLL
0x00007ff828c20000 - 0x00007ff828c2c000 	C:\Program Files\Java\jdk-23\bin\vcruntime140_1.dll
0x00007fffea760000 - 0x00007fffea7ee000 	C:\Program Files\Java\jdk-23\bin\msvcp140.dll
0x00007fff6ec80000 - 0x00007fff6f9d0000 	C:\Program Files\Java\jdk-23\bin\server\jvm.dll
0x00007ff8305f0000 - 0x00007ff8306a4000 	C:\WINDOWS\System32\ADVAPI32.dll
0x00007ff82f280000 - 0x00007ff82f326000 	C:\WINDOWS\System32\sechost.dll
0x00007ff82f160000 - 0x00007ff82f276000 	C:\WINDOWS\System32\RPCRT4.dll
0x00007ff82f340000 - 0x00007ff82f3b4000 	C:\WINDOWS\System32\WS2_32.dll
0x00007ff82cd80000 - 0x00007ff82cdce000 	C:\WINDOWS\SYSTEM32\POWRPROF.dll
0x00007ff820440000 - 0x00007ff82044b000 	C:\WINDOWS\SYSTEM32\VERSION.dll
0x00007ff8204f0000 - 0x00007ff820526000 	C:\WINDOWS\SYSTEM32\WINMM.dll
0x00007ff82cd60000 - 0x00007ff82cd74000 	C:\WINDOWS\SYSTEM32\UMPDC.dll
0x00007ff82d020000 - 0x00007ff82d03a000 	C:\WINDOWS\SYSTEM32\kernel.appcore.dll
0x00007ff81c130000 - 0x00007ff81c13a000 	C:\Program Files\Java\jdk-23\bin\jimage.dll
0x00007ff82ba10000 - 0x00007ff82bc51000 	C:\WINDOWS\SYSTEM32\DBGHELP.DLL
0x00007ff82ebc0000 - 0x00007ff82ef3e000 	C:\WINDOWS\System32\combase.dll
0x00007ff830510000 - 0x00007ff8305e6000 	C:\WINDOWS\System32\OLEAUT32.dll
0x00007ff80f210000 - 0x00007ff80f249000 	C:\WINDOWS\SYSTEM32\dbgcore.DLL
0x00007ff82e8e0000 - 0x00007ff82e979000 	C:\WINDOWS\System32\bcryptPrimitives.dll
0x00007ff8067f0000 - 0x00007ff8067ff000 	C:\Program Files\Java\jdk-23\bin\instrument.dll
0x00007ff80ab50000 - 0x00007ff80ab6e000 	C:\Program Files\Java\jdk-23\bin\java.dll
0x00007ff82efb0000 - 0x00007ff82f145000 	C:\WINDOWS\System32\ole32.dll
0x00007ff82fc90000 - 0x00007ff830394000 	C:\WINDOWS\System32\SHELL32.dll
0x00007ff82be00000 - 0x00007ff82c637000 	C:\WINDOWS\SYSTEM32\windows.storage.dll
0x00007ff82f590000 - 0x00007ff82f679000 	C:\WINDOWS\System32\SHCORE.dll
0x00007ff830760000 - 0x00007ff8307bd000 	C:\WINDOWS\System32\shlwapi.dll
0x00007ff82e030000 - 0x00007ff82e05e000 	C:\WINDOWS\SYSTEM32\profapi.dll
0x00007fffe84a0000 - 0x00007fffe8577000 	C:\Program Files\Java\jdk-23\bin\jsvml.dll
0x00007ff806db0000 - 0x00007ff806dc7000 	C:\Program Files\Java\jdk-23\bin\zip.dll
0x00007ff80a510000 - 0x00007ff80a520000 	C:\Program Files\Java\jdk-23\bin\net.dll
0x00007ff82d510000 - 0x00007ff82d57a000 	C:\WINDOWS\system32\mswsock.dll
0x00007ff807430000 - 0x00007ff807446000 	C:\Program Files\Java\jdk-23\bin\nio.dll
0x00007ff806da0000 - 0x00007ff806db0000 	C:\Program Files\Java\jdk-23\bin\verify.dll
0x00007ff805f40000 - 0x00007ff805f67000 	C:\Users\user\.gradle\native\c067742578af261105cb4f569cf0c3c89f3d7b1fecec35dd04571415982c5e48\windows-amd64\native-platform.dll
0x00007fffeb3f0000 - 0x00007fffeb534000 	C:\Users\user\.gradle\native\100fb08df4bc3b14c8652ba06237920a3bd2aa13389f12d3474272988ae205f9\windows-amd64\native-platform-file-events.dll
0x00007ff806b90000 - 0x00007ff806b9a000 	C:\Program Files\Java\jdk-23\bin\management.dll
0x00007ff806b80000 - 0x00007ff806b8b000 	C:\Program Files\Java\jdk-23\bin\management_ext.dll
0x00007ff82fb10000 - 0x00007ff82fb18000 	C:\WINDOWS\System32\PSAPI.DLL
0x00007ff82d8c0000 - 0x00007ff82d8dc000 	C:\WINDOWS\SYSTEM32\CRYPTSP.dll
0x00007ff82cf80000 - 0x00007ff82cfb8000 	C:\WINDOWS\system32\rsaenh.dll
0x00007ff82d5b0000 - 0x00007ff82d5db000 	C:\WINDOWS\SYSTEM32\USERENV.dll
0x00007ff82da50000 - 0x00007ff82da76000 	C:\WINDOWS\SYSTEM32\bcrypt.dll
0x00007ff82d740000 - 0x00007ff82d74c000 	C:\WINDOWS\SYSTEM32\CRYPTBASE.dll
0x00007ff82c9c0000 - 0x00007ff82c9f2000 	C:\WINDOWS\SYSTEM32\IPHLPAPI.DLL
0x00007ff82f150000 - 0x00007ff82f15a000 	C:\WINDOWS\System32\NSI.dll
0x00007ff806800000 - 0x00007ff806809000 	C:\Program Files\Java\jdk-23\bin\extnet.dll
0x00007ff8067e0000 - 0x00007ff8067ee000 	C:\Program Files\Java\jdk-23\bin\sunmscapi.dll
0x00007ff82e6d0000 - 0x00007ff82e846000 	C:\WINDOWS\System32\CRYPT32.dll
0x00007ff82da10000 - 0x00007ff82da40000 	C:\WINDOWS\SYSTEM32\ncrypt.dll
0x00007ff82d9c0000 - 0x00007ff82d9ff000 	C:\WINDOWS\SYSTEM32\NTASN1.dll
0x00007ffffcf90000 - 0x00007ffffcf98000 	C:\WINDOWS\system32\wshunix.dll
0x00007ff8117f0000 - 0x00007ff811808000 	C:\WINDOWS\system32\napinsp.dll
0x00007ff82ca00000 - 0x00007ff82cb25000 	C:\WINDOWS\SYSTEM32\DNSAPI.dll
0x00007ff8117d0000 - 0x00007ff8117e2000 	C:\WINDOWS\System32\winrnr.dll
0x00007ff80ffd0000 - 0x00007ff80fff2000 	C:\WINDOWS\system32\nlansp_c.dll
0x00007ff80ffb0000 - 0x00007ff80ffc6000 	C:\WINDOWS\system32\wshbth.dll
0x00007ff828d90000 - 0x00007ff828d9b000 	C:\Windows\System32\rasadhlp.dll
0x00007ff82a700000 - 0x00007ff82a785000 	C:\WINDOWS\System32\fwpuclnt.dll
0x00007ff82d140000 - 0x00007ff82d175000 	C:\WINDOWS\SYSTEM32\ntmarta.dll
0x00007ff826280000 - 0x00007ff82629e000 	C:\Users\user\AppData\Local\Temp\native-platform7936693289345299709dir\native-platform.dll
0x00007ff826300000 - 0x00007ff826307000 	C:\Program Files\Java\jdk-23\bin\rmi.dll
0x00007fffe53f0000 - 0x00007fffe54d9000 	C:\Users\user\AppData\Local\Temp\sqlite-3.41.2.2-9aba9f62-3cc1-41a5-ae0b-9fa040ad5ecf-sqlitejdbc.dll
0x00007fffe52c0000 - 0x00007fffe53a9000 	C:\Users\user\AppData\Local\Temp\sqlite-3.41.2.2-e19b0280-4c9e-450b-a4bb-5cb07ce3a192-sqlitejdbc.dll
0x00007fffd65a0000 - 0x00007fffd672e000 	C:\Program Files\Java\jdk-23\bin\awt.dll
0x00007ff8284a0000 - 0x00007ff82853c000 	C:\WINDOWS\SYSTEM32\apphelp.dll
0x00007ff82acb0000 - 0x00007ff82ad5d000 	C:\WINDOWS\system32\uxtheme.dll
0x00007ff830be0000 - 0x00007ff830d3c000 	C:\WINDOWS\System32\MSCTF.dll
0x00007ff806790000 - 0x00007ff8067d1000 	C:\Users\user\AppData\Local\Temp\jna-3599307\jna1904703906317306042.dll

dbghelp: loaded successfully - version: 4.0.5 - missing functions: none
symbol engine: initialized successfully - sym options: 0x614 - pdb path: .;C:\Program Files\Java\jdk-23\bin;C:\WINDOWS\SYSTEM32;C:\WINDOWS\WinSxS\amd64_microsoft.windows.common-controls_6595b64144ccf1df_6.0.26100.3037_none_3e09262ce333c378;C:\Program Files\Java\jdk-23\bin\server;C:\Users\user\.gradle\native\c067742578af261105cb4f569cf0c3c89f3d7b1fecec35dd04571415982c5e48\windows-amd64;C:\Users\user\.gradle\native\100fb08df4bc3b14c8652ba06237920a3bd2aa13389f12d3474272988ae205f9\windows-amd64;C:\Users\user\AppData\Local\Temp\native-platform7936693289345299709dir;C:\Users\user\AppData\Local\Temp;C:\Users\user\AppData\Local\Temp\jna-3599307

VM Arguments:
jvm_args: --add-opens=java.base/java.util=ALL-UNNAMED --add-opens=java.base/java.lang=ALL-UNNAMED --add-opens=java.base/java.lang.invoke=ALL-UNNAMED --add-opens=java.prefs/java.util.prefs=ALL-UNNAMED --add-exports=jdk.compiler/com.sun.tools.javac.api=ALL-UNNAMED --add-exports=jdk.compiler/com.sun.tools.javac.util=ALL-UNNAMED --add-opens=java.base/java.nio.charset=ALL-UNNAMED --add-opens=java.base/java.net=ALL-UNNAMED --add-opens=java.base/java.util.concurrent.atomic=ALL-UNNAMED -Xmx2048m -Dfile.encoding=UTF-8 -Duser.country=RU -Duser.language=ru -Duser.variant -javaagent:C:\Users\user\.gradle\wrapper\dists\gradle-8.10.2-bin\a04bxjujx95o3nb99gddekhwo\gradle-8.10.2\lib\agents\gradle-instrumentation-agent-8.10.2.jar 
java_command: org.gradle.launcher.daemon.bootstrap.GradleDaemon 8.10.2
java_class_path (initial): C:\Users\user\.gradle\wrapper\dists\gradle-8.10.2-bin\a04bxjujx95o3nb99gddekhwo\gradle-8.10.2\lib\gradle-daemon-main-8.10.2.jar
Launcher Type: SUN_STANDARD

[Global flags]
     intx CICompilerCount                          = 12                                        {product} {ergonomic}
     uint ConcGCThreads                            = 3                                         {product} {ergonomic}
     uint G1ConcRefinementThreads                  = 13                                        {product} {ergonomic}
   size_t G1HeapRegionSize                         = 1048576                                   {product} {ergonomic}
   size_t InitialHeapSize                          = 255852544                                 {product} {ergonomic}
   size_t MarkStackSize                            = 4194304                                   {product} {ergonomic}
   size_t MarkStackSizeMax                         = 536870912                                 {product} {ergonomic}
   size_t MaxHeapSize                              = 2147483648                                {product} {command line}
   size_t MaxNewSize                               = 1287651328                                {product} {ergonomic}
   size_t MinHeapDeltaBytes                        = 1048576                                   {product} {ergonomic}
   size_t MinHeapSize                              = 8388608                                   {product} {ergonomic}
    uintx NonNMethodCodeHeapSize                   = 7602176                                {pd product} {ergonomic}
    uintx NonProfiledCodeHeapSize                  = 122093568                              {pd product} {ergonomic}
    uintx ProfiledCodeHeapSize                     = 121962496                              {pd product} {ergonomic}
    uintx ReservedCodeCacheSize                    = 251658240                              {pd product} {ergonomic}
     bool SegmentedCodeCache                       = true                                      {product} {ergonomic}
   size_t SoftMaxHeapSize                          = 2147483648                             {manageable} {ergonomic}
     bool UseCompressedOops                        = true                           {product lp64_product} {ergonomic}
     bool UseG1GC                                  = true                                      {product} {ergonomic}
     bool UseLargePagesIndividualAllocation        = false                                  {pd product} {ergonomic}

Logging:
Log output configuration:
 #0: stdout all=warning uptime,level,tags foldmultilines=false
 #1: stderr all=off uptime,level,tags foldmultilines=false

Environment Variables:
CLASSPATH=C:\Users\user\AndroidStudioProjects\FoodRecipes_MVVM\\gradle\wrapper\gradle-wrapper.jar
PATH=C:\Program Files\Common Files\Oracle\Java\javapath;C:\Program Files (x86)\Common Files\Oracle\Java\java8path;C:\Program Files (x86)\Common Files\Oracle\Java\javapath;C:\WINDOWS\system32;C:\WINDOWS;C:\WINDOWS\System32\Wbem;C:\WINDOWS\System32\WindowsPowerShell\v1.0\;C:\WINDOWS\System32\OpenSSH\;C:\Program Files\Git\cmd;C:\Users\user\AppData\Local\Microsoft\WindowsApps;C:\Users\user\AppData\Roaming\Programs\Zero Install;C:\Users\user\AppData\Local\GitHubDesktop\bin;%USERPROFILE%\AppData\Local\Microsoft\WindowsApps;
USERNAME=user
OS=Windows_NT
PROCESSOR_IDENTIFIER=AMD64 Family 25 Model 116 Stepping 1, AuthenticAMD
TMP=C:\Users\user\AppData\Local\Temp
TEMP=C:\Users\user\AppData\Local\Temp




Periodic native trim disabled

---------------  S Y S T E M  ---------------

OS:
 Windows 11 , 64 bit Build 26100 (10.0.26100.3037)
OS uptime: 8 days 1:26 hours
Hyper-V role detected

CPU: total 16 (initial active 16) (16 cores per cpu, 2 threads per core) family 25 model 116 stepping 1 microcode 0xa704103, cx8, cmov, fxsr, ht, mmx, 3dnowpref, sse, sse2, sse3, ssse3, sse4a, sse4.1, sse4.2, popcnt, lzcnt, tsc, tscinvbit, avx, avx2, aes, erms, clmul, bmi1, bmi2, adx, avx512f, avx512dq, avx512cd, avx512bw, avx512vl, sha, fma, vzeroupper, avx512_vpopcntdq, avx512_vpclmulqdq, avx512_vaes, avx512_vnni, clflush, clflushopt, avx512_vbmi2, avx512_vbmi, hv, rdtscp, rdpid, gfni, avx512_bitalg, f16c, cet_ss, avx512_ifma
Processor Information for processor 0
  Max Mhz: 3801, Current Mhz: 2516, Mhz Limit: 3801
Processor Information for processor 1
  Max Mhz: 3801, Current Mhz: 2516, Mhz Limit: 3801
Processor Information for processor 2
  Max Mhz: 3801, Current Mhz: 2516, Mhz Limit: 3801
Processor Information for processor 3
  Max Mhz: 3801, Current Mhz: 3801, Mhz Limit: 3801
Processor Information for processor 4
  Max Mhz: 3801, Current Mhz: 2516, Mhz Limit: 3801
Processor Information for processor 5
  Max Mhz: 3801, Current Mhz: 3801, Mhz Limit: 3801
Processor Information for processor 6
  Max Mhz: 3801, Current Mhz: 3801, Mhz Limit: 3801
Processor Information for processor 7
  Max Mhz: 3801, Current Mhz: 2516, Mhz Limit: 3801
Processor Information for processor 8
  Max Mhz: 3801, Current Mhz: 3801, Mhz Limit: 3801
Processor Information for processor 9
  Max Mhz: 3801, Current Mhz: 2516, Mhz Limit: 3801
Processor Information for processor 10
  Max Mhz: 3801, Current Mhz: 3801, Mhz Limit: 3801
Processor Information for processor 11
  Max Mhz: 3801, Current Mhz: 2516, Mhz Limit: 3801
Processor Information for processor 12
  Max Mhz: 3801, Current Mhz: 2516, Mhz Limit: 3801
Processor Information for processor 13
  Max Mhz: 3801, Current Mhz: 3801, Mhz Limit: 3801
Processor Information for processor 14
  Max Mhz: 3801, Current Mhz: 3801, Mhz Limit: 3801
Processor Information for processor 15
  Max Mhz: 3801, Current Mhz: 2516, Mhz Limit: 3801

Memory: 4k page, system-wide physical 15540M (845M free)
TotalPageFile size 30665M (AvailPageFile size 14M)
current process WorkingSet (physical memory assigned to process): 1563M, peak: 2012M
current process commit charge ("private bytes"): 2051M, peak: 2106M

vm_info: Java HotSpot(TM) 64-Bit Server VM (23.0.2+7-58) for windows-amd64 JRE (23.0.2+7-58), built on 2024-11-29T09:34:55Z with MS VC++ 17.6 (VS2022)

END.
